0,1,2,3,4,5,6,7,8,9,temperature,category
110.0,95.0,79.0,88.0,118.0,99.0,78.0,88.0,92.0,29.068883707497267,0.0,0
109.0,95.0,79.0,88.0,118.0,99.0,78.0,88.0,92.0,29.068883707497267,0.1,0
109.0,95.0,79.0,88.0,118.0,99.0,78.0,88.0,92.0,29.068883707497267,0.2,0
109.0,96.0,80.0,88.0,118.0,99.0,78.0,88.0,92.0,29.068883707497267,0.3,0
109.0,96.0,80.0,88.0,118.0,99.0,78.0,88.0,92.0,28.600699292150182,0.4,0
109.0,96.0,80.0,88.0,118.0,99.0,78.0,88.0,92.0,28.0178514522438,0.5,0
108.0,96.0,80.0,88.0,118.0,99.0,78.0,88.0,91.0,28.42534080710379,0.6,0
108.0,96.0,80.0,88.0,118.0,99.0,77.0,88.0,91.0,28.0178514522438,0.7,0
108.0,97.0,80.0,88.0,118.0,99.0,77.0,88.0,91.0,28.0178514522438,0.8,0
108.0,97.0,80.0,88.0,118.0,99.0,77.0,88.0,91.0,28.0178514522438,0.9,0
108.0,97.0,80.0,88.0,118.0,99.0,77.0,88.0,91.0,28.0178514522438,1.0,0
108.0,97.0,80.0,88.0,118.0,99.0,77.0,88.0,91.0,28.0178514522438,1.1,0
107.0,97.0,80.0,88.0,118.0,99.0,77.0,88.0,91.0,28.0178514522438,1.2,0
107.0,98.0,80.0,87.0,118.0,99.0,77.0,88.0,91.0,27.459060435491963,1.3,0
107.0,98.0,80.0,87.0,118.0,99.0,77.0,88.0,91.0,27.459060435491963,1.4,0
107.0,98.0,80.0,87.0,118.0,99.0,77.0,88.0,90.0,27.459060435491963,1.5,0
107.0,98.0,81.0,87.0,118.0,99.0,77.0,88.0,90.0,27.80287754891569,1.6,0
107.0,98.0,81.0,87.0,118.0,99.0,77.0,88.0,90.0,27.459060435491963,1.7,0
106.0,99.0,81.0,87.0,118.0,99.0,77.0,88.0,90.0,26.92582403567252,1.8,0
106.0,99.0,81.0,87.0,118.0,99.0,77.0,88.0,90.0,26.92582403567252,1.9,0
106.0,99.0,81.0,87.0,118.0,99.0,77.0,88.0,90.0,26.92582403567252,2.0,0
106.0,99.0,81.0,87.0,118.0,99.0,77.0,88.0,90.0,26.92582403567252,2.1,0
106.0,99.0,81.0,87.0,118.0,99.0,77.0,88.0,90.0,26.92582403567252,2.2,0
106.0,100.0,81.0,87.0,118.0,99.0,77.0,88.0,90.0,26.92582403567252,2.3,0
105.0,100.0,81.0,87.0,118.0,99.0,77.0,88.0,90.0,26.419689627245813,2.4,0
105.0,100.0,81.0,87.0,118.0,99.0,77.0,88.0,89.0,26.419689627245813,2.5,0
105.0,100.0,81.0,86.0,118.0,99.0,76.0,89.0,89.0,26.627053911388696,2.6,0
105.0,100.0,81.0,86.0,118.0,99.0,76.0,89.0,89.0,26.627053911388696,2.7,0
105.0,101.0,81.0,86.0,118.0,99.0,76.0,89.0,89.0,26.076809620810597,2.8,0
105.0,101.0,82.0,86.0,118.0,99.0,76.0,89.0,89.0,26.076809620810597,2.9,0
104.0,101.0,82.0,86.0,118.0,99.0,76.0,89.0,89.0,26.076809620810597,3.0,0
104.0,101.0,82.0,86.0,118.0,99.0,76.0,89.0,89.0,26.076809620810597,3.1,0
104.0,101.0,82.0,86.0,118.0,99.0,76.0,89.0,89.0,26.076809620810597,3.2,0
104.0,102.0,82.0,86.0,118.0,99.0,76.0,89.0,89.0,26.076809620810597,3.3,0
104.0,102.0,82.0,86.0,118.0,98.0,76.0,89.0,89.0,25.553864678361276,3.4,0
104.0,102.0,82.0,86.0,118.0,98.0,75.0,89.0,89.0,25.553864678361276,3.5,0
103.0,102.0,82.0,86.0,118.0,98.0,75.0,89.0,89.0,25.059928172283335,3.6,0
103.0,103.0,82.0,86.0,118.0,98.0,75.0,89.0,89.0,25.059928172283335,3.7,0
103.0,103.0,82.0,86.0,118.0,98.0,75.0,89.0,89.0,25.238858928247925,3.8,0
103.0,103.0,82.0,86.0,117.0,97.0,75.0,90.0,89.0,24.698178070456937,3.9,0
103.0,103.0,82.0,86.0,117.0,97.0,74.0,90.0,89.0,24.698178070456937,4.0,0
103.0,104.0,82.0,86.0,118.0,97.0,74.0,90.0,89.0,40.8166632639171,4.1,0
102.0,104.0,82.0,86.0,117.0,96.0,74.0,90.0,90.0,41.677331968349414,4.2,0
102.0,105.0,82.0,86.0,117.0,96.0,73.0,91.0,90.0,40.70626487409524,4.3,0
102.0,105.0,82.0,86.0,117.0,95.0,72.0,91.0,91.0,41.593268686170845,4.4,0
110.0,92.0,79.0,82.0,118.0,119.0,84.0,77.0,85.0,27.294688127912362,4.5,0
109.0,93.0,80.0,82.0,118.0,118.0,84.0,78.0,84.0,27.784887978899608,4.6,0
108.0,94.0,81.0,82.0,118.0,117.0,84.0,79.0,84.0,26.419689627245813,4.7,0
107.0,94.0,81.0,82.0,118.0,116.0,83.0,80.0,83.0,28.600699292150182,4.8,0
106.0,95.0,82.0,82.0,118.0,114.0,83.0,80.0,82.0,29.0,4.9,0
105.0,97.0,82.0,82.0,118.0,112.0,83.0,81.0,82.0,50.99019513592785,5.0,0
105.0,97.0,75.0,84.0,117.0,104.0,67.0,83.0,93.0,24.839484696748443,5.1,0
105.0,97.0,75.0,84.0,117.0,104.0,67.0,83.0,93.0,24.08318915758459,5.2,0
105.0,97.0,75.0,84.0,117.0,104.0,67.0,83.0,93.0,24.08318915758459,5.3,0
105.0,97.0,75.0,84.0,117.0,104.0,67.0,83.0,93.0,24.08318915758459,5.4,0
105.0,97.0,75.0,84.0,117.0,104.0,67.0,83.0,93.0,24.08318915758459,5.5,0
104.0,98.0,75.0,84.0,117.0,104.0,67.0,83.0,93.0,24.08318915758459,5.6,0
104.0,98.0,75.0,84.0,117.0,104.0,67.0,83.0,93.0,24.08318915758459,5.7,0
104.0,98.0,75.0,84.0,117.0,104.0,67.0,83.0,92.0,24.08318915758459,5.8,0
104.0,98.0,75.0,84.0,117.0,104.0,67.0,83.0,92.0,24.08318915758459,5.9,0
104.0,98.0,75.0,84.0,117.0,104.0,67.0,83.0,92.0,23.345235059857504,6.0,0
104.0,98.0,75.0,83.0,117.0,104.0,67.0,84.0,92.0,23.345235059857504,6.1,0
104.0,98.0,75.0,83.0,117.0,104.0,67.0,84.0,92.0,23.345235059857504,6.2,0
104.0,98.0,75.0,83.0,117.0,104.0,67.0,84.0,92.0,23.345235059857504,6.3,0
104.0,98.0,75.0,83.0,117.0,104.0,67.0,84.0,92.0,23.345235059857504,6.4,0
103.0,98.0,75.0,83.0,117.0,104.0,67.0,84.0,92.0,23.345235059857504,6.5,0
103.0,98.0,75.0,83.0,117.0,104.0,67.0,84.0,91.0,23.345235059857504,6.6,0
103.0,98.0,75.0,83.0,117.0,104.0,67.0,84.0,91.0,23.345235059857504,6.7,0
103.0,98.0,75.0,83.0,117.0,104.0,67.0,84.0,91.0,23.345235059857504,6.8,0
103.0,99.0,75.0,83.0,117.0,104.0,67.0,84.0,91.0,23.345235059857504,6.9,0
103.0,99.0,75.0,83.0,117.0,104.0,67.0,84.0,91.0,24.08318915758459,7.0,0
103.0,99.0,75.0,83.0,117.0,104.0,67.0,84.0,91.0,24.08318915758459,7.1,0
103.0,99.0,75.0,83.0,117.0,104.0,67.0,84.0,91.0,24.08318915758459,7.2,0
103.0,99.0,75.0,83.0,117.0,104.0,67.0,84.0,90.0,24.08318915758459,7.3,0
102.0,99.0,75.0,83.0,117.0,104.0,67.0,84.0,90.0,24.08318915758459,7.4,0
102.0,99.0,75.0,83.0,117.0,104.0,67.0,84.0,90.0,23.345235059857504,7.5,0
102.0,99.0,75.0,83.0,117.0,104.0,67.0,84.0,90.0,23.345235059857504,7.6,0
102.0,99.0,75.0,83.0,117.0,104.0,67.0,85.0,90.0,23.345235059857504,7.7,0
102.0,99.0,75.0,83.0,117.0,104.0,67.0,85.0,90.0,21.095023109728988,7.8,0
102.0,99.0,75.0,83.0,117.0,104.0,67.0,85.0,90.0,21.095023109728988,7.9,0
102.0,99.0,75.0,83.0,117.0,104.0,67.0,85.0,89.0,21.095023109728988,8.0,0
102.0,99.0,75.0,83.0,117.0,104.0,67.0,85.0,89.0,21.095023109728988,8.1,0
102.0,99.0,75.0,83.0,117.0,104.0,67.0,85.0,89.0,21.095023109728988,8.2,0
102.0,100.0,75.0,83.0,117.0,104.0,67.0,85.0,89.0,21.095023109728988,8.3,0
102.0,100.0,75.0,83.0,117.0,104.0,67.0,85.0,89.0,21.095023109728988,8.4,0
101.0,100.0,75.0,83.0,117.0,104.0,67.0,85.0,89.0,21.095023109728988,8.5,0
101.0,100.0,75.0,83.0,117.0,104.0,67.0,85.0,89.0,21.95449840010015,8.6,0
101.0,100.0,75.0,83.0,117.0,104.0,67.0,85.0,89.0,21.95449840010015,8.7,0
101.0,100.0,75.0,83.0,117.0,104.0,67.0,85.0,88.0,22.02271554554524,8.8,0
101.0,100.0,75.0,83.0,117.0,104.0,67.0,85.0,88.0,22.20360331117452,8.9,0
101.0,100.0,75.0,83.0,117.0,104.0,67.0,85.0,88.0,22.20360331117452,9.0,0
101.0,100.0,75.0,83.0,117.0,104.0,68.0,85.0,88.0,22.20360331117452,9.1,0
101.0,100.0,75.0,83.0,117.0,104.0,68.0,85.0,88.0,22.20360331117452,9.2,0
101.0,100.0,75.0,83.0,117.0,104.0,68.0,86.0,88.0,22.20360331117452,9.3,0
101.0,100.0,75.0,83.0,117.0,104.0,68.0,86.0,88.0,22.20360331117452,9.4,0
101.0,100.0,75.0,83.0,117.0,104.0,68.0,86.0,88.0,22.20360331117452,9.5,0
100.0,101.0,75.0,83.0,117.0,104.0,68.0,86.0,87.0,23.345235059857504,9.6,0
100.0,101.0,75.0,83.0,117.0,104.0,68.0,86.0,87.0,22.67156809750927,9.7,0
100.0,101.0,75.0,83.0,117.0,104.0,68.0,86.0,87.0,22.67156809750927,9.8,0
100.0,101.0,75.0,83.0,117.0,104.0,68.0,86.0,87.0,22.67156809750927,9.9,0
100.0,101.0,75.0,83.0,117.0,104.0,68.0,86.0,87.0,22.67156809750927,10.0,1
100.0,101.0,75.0,83.0,117.0,104.0,68.0,86.0,87.0,22.67156809750927,10.1,1
100.0,101.0,75.0,83.0,117.0,104.0,68.0,86.0,87.0,22.67156809750927,10.2,1
100.0,101.0,75.0,83.0,117.0,104.0,68.0,86.0,86.0,22.67156809750927,10.3,1
100.0,101.0,75.0,83.0,117.0,104.0,68.0,86.0,86.0,22.02271554554524,10.4,1
100.0,101.0,75.0,83.0,117.0,103.0,68.0,86.0,86.0,22.02271554554524,10.5,1
100.0,101.0,75.0,83.0,117.0,103.0,68.0,86.0,86.0,22.02271554554524,10.6,1
100.0,101.0,75.0,83.0,117.0,103.0,68.0,86.0,86.0,22.02271554554524,10.7,1
100.0,101.0,75.0,83.0,117.0,103.0,68.0,86.0,86.0,22.02271554554524,10.8,1
99.0,101.0,75.0,83.0,117.0,103.0,68.0,87.0,86.0,22.02271554554524,10.9,1
99.0,102.0,76.0,83.0,117.0,103.0,68.0,87.0,86.0,22.02271554554524,11.0,1
99.0,102.0,76.0,83.0,117.0,103.0,68.0,87.0,85.0,21.633307652783937,11.1,1
99.0,102.0,76.0,83.0,117.0,103.0,68.0,87.0,85.0,21.633307652783937,11.2,1
99.0,102.0,76.0,83.0,117.0,103.0,68.0,87.0,85.0,21.633307652783937,11.3,1
99.0,102.0,76.0,83.0,117.0,103.0,68.0,87.0,85.0,21.633307652783937,11.4,1
99.0,102.0,76.0,83.0,117.0,103.0,68.0,87.0,85.0,21.633307652783937,11.5,1
99.0,102.0,76.0,83.0,117.0,103.0,68.0,87.0,85.0,21.633307652783937,11.6,1
99.0,102.0,76.0,83.0,117.0,103.0,68.0,87.0,85.0,21.95449840010015,11.7,1
99.0,102.0,76.0,83.0,117.0,103.0,68.0,87.0,85.0,21.95449840010015,11.8,1
99.0,102.0,76.0,83.0,117.0,103.0,68.0,87.0,84.0,21.95449840010015,11.9,1
99.0,102.0,76.0,83.0,117.0,103.0,68.0,87.0,84.0,21.470910553583888,12.0,1
99.0,102.0,76.0,83.0,117.0,103.0,68.0,87.0,84.0,21.470910553583888,12.1,1
99.0,102.0,76.0,82.0,117.0,103.0,68.0,87.0,84.0,21.470910553583888,12.2,1
99.0,102.0,76.0,82.0,117.0,103.0,68.0,87.0,84.0,21.470910553583888,12.3,1
99.0,102.0,76.0,82.0,116.0,103.0,68.0,87.0,84.0,21.470910553583888,12.4,1
98.0,103.0,76.0,82.0,117.0,103.0,68.0,87.0,84.0,21.470910553583888,12.5,1
98.0,103.0,76.0,82.0,117.0,103.0,68.0,88.0,84.0,21.470910553583888,12.6,1
98.0,103.0,76.0,82.0,116.0,103.0,68.0,88.0,83.0,21.470910553583888,12.7,1
98.0,103.0,76.0,82.0,116.0,103.0,68.0,88.0,83.0,22.20360331117452,12.8,1
98.0,103.0,76.0,82.0,116.0,103.0,68.0,88.0,83.0,22.20360331117452,12.9,1
98.0,103.0,76.0,82.0,116.0,103.0,69.0,88.0,83.0,21.633307652783937,13.0,1
98.0,103.0,76.0,82.0,116.0,103.0,69.0,88.0,83.0,21.633307652783937,13.1,1
98.0,103.0,76.0,82.0,116.0,103.0,69.0,88.0,83.0,21.633307652783937,13.2,1
98.0,103.0,76.0,82.0,116.0,103.0,69.0,88.0,83.0,21.470910553583888,13.3,1
98.0,103.0,76.0,82.0,116.0,103.0,69.0,88.0,83.0,21.470910553583888,13.4,1
98.0,103.0,76.0,82.0,116.0,103.0,69.0,88.0,82.0,21.470910553583888,13.5,1
98.0,103.0,76.0,82.0,116.0,103.0,69.0,88.0,82.0,21.470910553583888,13.6,1
98.0,103.0,76.0,82.0,116.0,103.0,69.0,88.0,82.0,21.470910553583888,13.7,1
98.0,103.0,76.0,82.0,116.0,103.0,69.0,88.0,82.0,21.470910553583888,13.8,1
98.0,103.0,76.0,82.0,116.0,103.0,69.0,88.0,82.0,21.470910553583888,13.9,1
98.0,103.0,76.0,82.0,116.0,102.0,69.0,88.0,82.0,21.470910553583888,14.0,1
98.0,104.0,76.0,82.0,116.0,102.0,69.0,88.0,82.0,21.02379604162864,14.1,1
98.0,104.0,76.0,82.0,116.0,102.0,69.0,88.0,82.0,21.02379604162864,14.2,1
98.0,104.0,76.0,82.0,116.0,102.0,69.0,88.0,81.0,21.02379604162864,14.3,1
98.0,104.0,76.0,82.0,116.0,102.0,69.0,89.0,81.0,21.02379604162864,14.4,1
98.0,104.0,76.0,82.0,116.0,102.0,69.0,89.0,81.0,21.02379604162864,14.5,1
98.0,104.0,76.0,82.0,116.0,102.0,69.0,89.0,81.0,21.02379604162864,14.6,1
98.0,104.0,76.0,82.0,116.0,102.0,69.0,89.0,81.0,21.02379604162864,14.7,1
97.0,104.0,76.0,82.0,116.0,102.0,69.0,89.0,81.0,21.02379604162864,14.8,1
97.0,104.0,76.0,82.0,116.0,102.0,69.0,89.0,81.0,21.02379604162864,14.9,1
97.0,104.0,76.0,82.0,116.0,102.0,69.0,89.0,81.0,21.02379604162864,15.0,1
97.0,104.0,76.0,82.0,116.0,102.0,69.0,89.0,80.0,21.02379604162864,15.1,1
97.0,104.0,76.0,82.0,116.0,102.0,69.0,89.0,80.0,20.615528128088304,15.2,1
97.0,104.0,76.0,82.0,116.0,102.0,69.0,89.0,80.0,20.615528128088304,15.3,1
97.0,104.0,76.0,82.0,116.0,102.0,69.0,89.0,80.0,20.615528128088304,15.4,1
97.0,104.0,76.0,82.0,116.0,102.0,69.0,89.0,80.0,20.615528128088304,15.5,1
97.0,104.0,76.0,82.0,116.0,102.0,69.0,89.0,80.0,20.615528128088304,15.6,1
97.0,105.0,76.0,82.0,116.0,102.0,69.0,89.0,80.0,20.615528128088304,15.7,1
97.0,105.0,76.0,82.0,116.0,102.0,70.0,89.0,80.0,20.615528128088304,15.8,1
97.0,105.0,76.0,82.0,116.0,102.0,70.0,89.0,80.0,20.615528128088304,15.9,1
97.0,105.0,76.0,82.0,115.0,102.0,70.0,89.0,79.0,20.615528128088304,16.0,1
97.0,105.0,76.0,82.0,115.0,102.0,70.0,90.0,79.0,20.615528128088304,16.1,1
97.0,105.0,76.0,82.0,115.0,102.0,70.0,90.0,79.0,20.615528128088304,16.2,1
97.0,105.0,76.0,82.0,115.0,101.0,70.0,90.0,79.0,20.248456731316587,16.3,1
97.0,105.0,76.0,81.0,115.0,101.0,70.0,90.0,79.0,20.248456731316587,16.4,1
97.0,105.0,76.0,81.0,115.0,101.0,70.0,90.0,79.0,20.248456731316587,16.5,1
97.0,105.0,76.0,81.0,115.0,101.0,70.0,90.0,79.0,20.248456731316587,16.6,1
97.0,105.0,76.0,81.0,115.0,101.0,70.0,90.0,79.0,20.248456731316587,16.7,1
97.0,105.0,76.0,81.0,115.0,101.0,70.0,90.0,78.0,48.84669896727925,16.8,1
97.0,105.0,76.0,81.0,115.0,101.0,70.0,90.0,78.0,48.84669896727925,16.9,1
97.0,105.0,76.0,81.0,115.0,101.0,70.0,90.0,78.0,48.84669896727925,17.0,1
97.0,105.0,76.0,81.0,115.0,101.0,70.0,90.0,78.0,48.84669896727925,17.1,1
97.0,105.0,76.0,81.0,115.0,101.0,70.0,90.0,78.0,45.69463863518345,17.2,1
97.0,105.0,76.0,81.0,115.0,101.0,70.0,90.0,78.0,48.84669896727925,17.3,1
97.0,105.0,76.0,81.0,115.0,101.0,70.0,90.0,78.0,45.69463863518345,17.4,1
97.0,105.0,76.0,81.0,115.0,101.0,70.0,90.0,78.0,45.69463863518345,17.5,1
97.0,106.0,76.0,81.0,115.0,101.0,70.0,90.0,78.0,45.69463863518345,17.6,1
97.0,106.0,76.0,81.0,115.0,101.0,70.0,90.0,77.0,45.69463863518345,17.7,1
97.0,106.0,76.0,81.0,115.0,101.0,70.0,90.0,77.0,45.69463863518345,17.8,1
91.0,104.0,79.0,80.0,107.0,99.0,64.0,90.0,84.0,19.849433241279208,17.9,1
91.0,104.0,79.0,80.0,107.0,99.0,64.0,90.0,84.0,19.849433241279208,18.0,1
91.0,104.0,79.0,80.0,107.0,98.0,64.0,90.0,84.0,19.849433241279208,18.1,1
91.0,104.0,79.0,80.0,107.0,98.0,65.0,91.0,84.0,49.24428900898052,18.2,1
91.0,104.0,79.0,80.0,107.0,98.0,65.0,91.0,84.0,49.24428900898052,18.3,1
91.0,104.0,79.0,80.0,107.0,98.0,65.0,91.0,84.0,49.24428900898052,18.4,1
91.0,104.0,79.0,80.0,107.0,98.0,65.0,91.0,84.0,48.33218389437829,18.5,1
91.0,104.0,79.0,80.0,107.0,98.0,65.0,91.0,84.0,48.33218389437829,18.6,1
91.0,104.0,79.0,80.0,107.0,98.0,65.0,91.0,83.0,48.33218389437829,18.7,1
91.0,104.0,79.0,80.0,107.0,98.0,65.0,91.0,83.0,45.18849411078001,18.8,1
91.0,104.0,79.0,80.0,107.0,98.0,65.0,91.0,83.0,46.09772228646444,18.9,1
91.0,104.0,79.0,80.0,107.0,98.0,65.0,91.0,83.0,45.18849411078001,19.0,1
91.0,104.0,79.0,80.0,107.0,98.0,65.0,91.0,83.0,46.09772228646444,19.1,1
91.0,104.0,79.0,80.0,107.0,97.0,65.0,91.0,83.0,46.09772228646444,19.2,1
91.0,104.0,79.0,80.0,107.0,97.0,65.0,91.0,83.0,46.09772228646444,19.3,1
91.0,104.0,79.0,80.0,107.0,97.0,65.0,91.0,83.0,46.09772228646444,19.4,1
91.0,104.0,79.0,80.0,107.0,97.0,65.0,91.0,83.0,46.09772228646444,19.5,1
91.0,104.0,79.0,80.0,106.0,97.0,65.0,91.0,82.0,46.09772228646444,19.6,1
91.0,104.0,79.0,80.0,106.0,97.0,65.0,91.0,82.0,46.09772228646444,19.7,1
91.0,104.0,79.0,80.0,106.0,97.0,65.0,91.0,82.0,46.09772228646444,19.8,1
91.0,105.0,79.0,80.0,106.0,97.0,65.0,91.0,82.0,46.09772228646444,19.9,1
91.0,105.0,79.0,80.0,106.0,97.0,65.0,91.0,82.0,46.09772228646444,20.0,2
91.0,105.0,79.0,80.0,106.0,97.0,65.0,91.0,82.0,46.09772228646444,20.1,2
91.0,105.0,79.0,80.0,106.0,96.0,65.0,91.0,82.0,46.09772228646444,20.2,2
91.0,105.0,79.0,80.0,106.0,96.0,65.0,92.0,82.0,46.09772228646444,20.3,2
91.0,105.0,79.0,80.0,106.0,96.0,65.0,92.0,81.0,46.09772228646444,20.4,2
91.0,105.0,79.0,80.0,106.0,96.0,65.0,92.0,81.0,47.01063709417264,20.5,2
91.0,105.0,79.0,80.0,106.0,96.0,66.0,92.0,81.0,47.01063709417264,20.6,2
91.0,105.0,79.0,80.0,106.0,96.0,66.0,92.0,81.0,47.01063709417264,20.7,2
91.0,105.0,79.0,80.0,106.0,96.0,66.0,92.0,81.0,47.01063709417264,20.8,2
91.0,105.0,79.0,80.0,106.0,96.0,66.0,92.0,81.0,47.01063709417264,20.9,2
91.0,105.0,79.0,80.0,106.0,96.0,66.0,92.0,81.0,47.01063709417264,21.0,2
91.0,105.0,79.0,80.0,106.0,95.0,66.0,92.0,81.0,47.01063709417264,21.1,2
91.0,105.0,79.0,80.0,106.0,95.0,66.0,92.0,80.0,47.01063709417264,21.2,2
91.0,105.0,79.0,80.0,106.0,95.0,66.0,92.0,80.0,47.01063709417264,21.3,2
92.0,111.0,89.0,77.0,108.0,84.0,75.0,96.0,78.0,19.924858845171276,21.4,2
92.0,111.0,89.0,77.0,108.0,83.0,75.0,96.0,78.0,48.84669896727925,21.5,2
92.0,111.0,89.0,77.0,108.0,83.0,75.0,96.0,78.0,48.84669896727925,21.6,2
92.0,111.0,89.0,77.0,108.0,83.0,75.0,96.0,78.0,48.84669896727925,21.7,2
92.0,111.0,89.0,77.0,108.0,83.0,75.0,96.0,78.0,48.84669896727925,21.8,2
99.0,107.0,83.0,73.0,90.0,75.0,73.0,90.0,79.0,48.84669896727925,21.9,2
99.0,107.0,83.0,72.0,90.0,75.0,73.0,90.0,78.0,49.76946855251722,22.0,2
99.0,107.0,83.0,72.0,90.0,75.0,73.0,90.0,78.0,49.76946855251722,22.1,2
99.0,107.0,83.0,72.0,90.0,75.0,73.0,90.0,78.0,49.76946855251722,22.2,2
99.0,107.0,83.0,72.0,90.0,75.0,73.0,90.0,78.0,49.76946855251722,22.3,2
99.0,107.0,83.0,72.0,90.0,75.0,73.0,90.0,78.0,49.76946855251722,22.4,2
99.0,107.0,83.0,72.0,90.0,75.0,73.0,90.0,78.0,49.76946855251722,22.5,2
99.0,107.0,83.0,72.0,90.0,75.0,73.0,90.0,78.0,49.76946855251722,22.6,2
99.0,107.0,83.0,72.0,90.0,75.0,73.0,90.0,78.0,49.76946855251722,22.7,2
99.0,107.0,83.0,72.0,90.0,75.0,73.0,90.0,78.0,49.76946855251722,22.8,2
99.0,107.0,83.0,72.0,90.0,75.0,74.0,90.0,78.0,49.76946855251722,22.9,2
99.0,107.0,83.0,72.0,90.0,74.0,74.0,90.0,78.0,49.76946855251722,23.0,2
99.0,107.0,83.0,72.0,90.0,74.0,74.0,90.0,78.0,49.76946855251722,23.1,2
99.0,107.0,83.0,72.0,89.0,74.0,74.0,90.0,78.0,49.76946855251722,23.2,2
99.0,107.0,83.0,72.0,89.0,74.0,74.0,90.0,78.0,49.76946855251722,23.3,2
99.0,107.0,83.0,72.0,89.0,74.0,74.0,90.0,78.0,49.76946855251722,23.4,2
99.0,107.0,83.0,72.0,89.0,74.0,74.0,91.0,78.0,49.76946855251722,23.5,2
100.0,107.0,83.0,72.0,89.0,74.0,74.0,91.0,77.0,49.76946855251722,23.6,2
100.0,107.0,83.0,72.0,89.0,74.0,74.0,91.0,77.0,49.76946855251722,23.7,2
100.0,107.0,83.0,72.0,89.0,74.0,74.0,91.0,77.0,49.76946855251722,23.8,2
100.0,107.0,82.0,72.0,89.0,74.0,75.0,91.0,77.0,49.76946855251722,23.9,2
100.0,107.0,82.0,72.0,89.0,74.0,75.0,91.0,77.0,49.76946855251722,24.0,2
100.0,107.0,82.0,72.0,89.0,74.0,75.0,91.0,77.0,49.76946855251722,24.1,2
100.0,107.0,82.0,72.0,89.0,74.0,75.0,91.0,77.0,49.76946855251722,24.2,2
100.0,108.0,82.0,72.0,89.0,73.0,75.0,91.0,77.0,49.76946855251722,24.3,2
100.0,108.0,82.0,72.0,89.0,73.0,75.0,91.0,77.0,49.76946855251722,24.4,2
100.0,108.0,82.0,72.0,89.0,73.0,75.0,91.0,77.0,49.76946855251722,24.5,2
100.0,108.0,82.0,72.0,89.0,73.0,75.0,91.0,77.0,49.76946855251722,24.6,2
100.0,108.0,82.0,72.0,89.0,73.0,75.0,91.0,77.0,48.84669896727925,24.7,2
100.0,108.0,82.0,72.0,89.0,73.0,75.0,91.0,77.0,48.84669896727925,24.8,2
100.0,108.0,82.0,72.0,89.0,73.0,76.0,91.0,77.0,48.84669896727925,24.9,2
100.0,108.0,82.0,72.0,89.0,73.0,76.0,91.0,77.0,48.84669896727925,25.0,2
100.0,108.0,82.0,72.0,89.0,73.0,76.0,91.0,76.0,48.84669896727925,25.1,2
100.0,108.0,82.0,72.0,89.0,73.0,76.0,91.0,76.0,48.84669896727925,25.2,2
100.0,108.0,82.0,73.0,89.0,73.0,76.0,91.0,76.0,48.84669896727925,25.3,2
100.0,108.0,82.0,73.0,89.0,73.0,76.0,91.0,76.0,48.84669896727925,25.4,2
100.0,108.0,82.0,73.0,89.0,72.0,76.0,91.0,76.0,48.84669896727925,25.5,2
100.0,108.0,82.0,72.0,89.0,72.0,76.0,91.0,76.0,48.84669896727925,25.6,2
100.0,108.0,82.0,73.0,89.0,72.0,76.0,91.0,76.0,48.84669896727925,25.7,2
100.0,108.0,82.0,73.0,88.0,72.0,76.0,91.0,76.0,48.84669896727925,25.8,2
100.0,108.0,82.0,73.0,88.0,72.0,77.0,91.0,76.0,48.84669896727925,25.9,2
100.0,108.0,82.0,73.0,88.0,72.0,77.0,91.0,76.0,48.84669896727925,26.0,2
100.0,108.0,82.0,73.0,88.0,72.0,77.0,91.0,76.0,48.84669896727925,26.1,2
100.0,108.0,82.0,73.0,88.0,72.0,77.0,91.0,76.0,48.84669896727925,26.2,2
100.0,108.0,82.0,73.0,88.0,72.0,77.0,91.0,76.0,48.84669896727925,26.3,2
100.0,108.0,82.0,73.0,88.0,72.0,77.0,91.0,76.0,48.84669896727925,26.4,2
100.0,108.0,82.0,73.0,88.0,72.0,77.0,91.0,76.0,48.84669896727925,26.5,2
100.0,108.0,82.0,73.0,88.0,71.0,77.0,91.0,76.0,48.84669896727925,26.6,2
100.0,108.0,82.0,73.0,88.0,71.0,77.0,91.0,76.0,48.84669896727925,26.7,2
100.0,108.0,82.0,73.0,88.0,71.0,77.0,91.0,76.0,48.84669896727925,26.8,2
100.0,108.0,82.0,73.0,88.0,71.0,78.0,91.0,75.0,48.84669896727925,26.9,2
100.0,108.0,82.0,73.0,88.0,71.0,78.0,91.0,75.0,49.76946855251722,27.0,2
101.0,108.0,82.0,73.0,88.0,71.0,78.0,91.0,75.0,49.76946855251722,27.1,2
101.0,108.0,82.0,73.0,88.0,71.0,78.0,91.0,75.0,49.76946855251722,27.2,2
101.0,108.0,82.0,73.0,88.0,71.0,78.0,91.0,75.0,49.76946855251722,27.3,2
101.0,108.0,82.0,73.0,88.0,71.0,78.0,91.0,75.0,49.76946855251722,27.4,2
101.0,108.0,82.0,73.0,88.0,71.0,78.0,91.0,75.0,49.76946855251722,27.5,2
101.0,108.0,81.0,73.0,88.0,71.0,78.0,91.0,75.0,49.76946855251722,27.6,2
101.0,108.0,81.0,73.0,87.0,71.0,78.0,91.0,75.0,49.76946855251722,27.7,2
101.0,108.0,81.0,73.0,87.0,71.0,78.0,91.0,75.0,49.76946855251722,27.8,2
101.0,109.0,81.0,73.0,87.0,70.0,79.0,91.0,75.0,49.76946855251722,27.9,2
101.0,109.0,81.0,73.0,87.0,70.0,79.0,91.0,75.0,49.76946855251722,28.0,2
101.0,109.0,81.0,73.0,87.0,70.0,79.0,91.0,75.0,49.76946855251722,28.1,2
101.0,109.0,81.0,73.0,87.0,70.0,79.0,91.0,75.0,49.76946855251722,28.2,2
101.0,109.0,81.0,73.0,87.0,70.0,79.0,91.0,75.0,49.76946855251722,28.3,2
101.0,109.0,81.0,73.0,87.0,70.0,79.0,91.0,75.0,49.76946855251722,28.4,2
101.0,109.0,81.0,73.0,87.0,70.0,79.0,91.0,75.0,49.76946855251722,28.5,2
101.0,109.0,81.0,73.0,87.0,70.0,79.0,91.0,75.0,49.76946855251722,28.6,2
101.0,109.0,81.0,73.0,87.0,70.0,79.0,91.0,74.0,49.76946855251722,28.7,2
101.0,109.0,81.0,73.0,87.0,70.0,80.0,91.0,74.0,49.76946855251722,28.8,2
101.0,109.0,81.0,73.0,87.0,70.0,80.0,91.0,74.0,49.76946855251722,28.9,2
101.0,109.0,81.0,73.0,87.0,70.0,80.0,91.0,74.0,49.76946855251722,29.0,2
101.0,109.0,81.0,73.0,87.0,69.0,80.0,91.0,74.0,49.76946855251722,29.1,2
101.0,109.0,81.0,73.0,87.0,69.0,80.0,91.0,74.0,49.76946855251722,29.2,2
101.0,109.0,81.0,73.0,87.0,69.0,80.0,91.0,74.0,49.76946855251722,29.3,2
101.0,109.0,81.0,73.0,86.0,69.0,80.0,91.0,74.0,49.76946855251722,29.4,2
101.0,109.0,81.0,73.0,86.0,69.0,80.0,91.0,74.0,48.84669896727925,29.5,2
101.0,109.0,81.0,73.0,86.0,69.0,80.0,91.0,74.0,48.84669896727925,29.6,2
101.0,109.0,81.0,73.0,86.0,69.0,80.0,91.0,74.0,48.84669896727925,29.7,2
101.0,109.0,81.0,73.0,86.0,69.0,81.0,91.0,74.0,48.84669896727925,29.8,2
101.0,109.0,81.0,73.0,86.0,69.0,81.0,91.0,74.0,48.84669896727925,29.9,2
101.0,109.0,81.0,73.0,86.0,69.0,81.0,91.0,74.0,48.84669896727925,30.0,3
101.0,109.0,80.0,73.0,86.0,69.0,81.0,91.0,74.0,48.84669896727925,30.1,3
101.0,109.0,80.0,73.0,86.0,69.0,81.0,91.0,74.0,48.84669896727925,30.2,3
101.0,109.0,80.0,73.0,86.0,68.0,81.0,91.0,74.0,48.84669896727925,30.3,3
101.0,109.0,80.0,73.0,86.0,68.0,81.0,91.0,74.0,48.84669896727925,30.4,3
101.0,109.0,80.0,73.0,86.0,68.0,81.0,91.0,74.0,48.84669896727925,30.5,3
101.0,109.0,80.0,73.0,86.0,68.0,81.0,91.0,74.0,48.84669896727925,30.6,3
101.0,109.0,80.0,74.0,86.0,68.0,82.0,91.0,74.0,48.84669896727925,30.7,3
101.0,109.0,80.0,74.0,86.0,68.0,82.0,91.0,73.0,48.84669896727925,30.8,3
101.0,109.0,80.0,74.0,86.0,68.0,82.0,91.0,73.0,48.84669896727925,30.9,3
101.0,109.0,80.0,74.0,85.0,68.0,82.0,91.0,73.0,48.84669896727925,31.0,3
101.0,109.0,80.0,74.0,85.0,68.0,82.0,91.0,73.0,48.84669896727925,31.1,3
101.0,109.0,80.0,74.0,85.0,68.0,82.0,91.0,73.0,48.84669896727925,31.2,3
101.0,109.0,80.0,74.0,85.0,68.0,82.0,91.0,73.0,48.84669896727925,31.3,3
101.0,109.0,80.0,74.0,85.0,67.0,82.0,91.0,73.0,48.84669896727925,31.4,3
101.0,109.0,80.0,74.0,85.0,67.0,82.0,91.0,73.0,48.84669896727925,31.5,3
101.0,109.0,80.0,74.0,85.0,67.0,82.0,91.0,73.0,48.84669896727925,31.6,3
101.0,109.0,79.0,74.0,85.0,67.0,82.0,91.0,73.0,48.84669896727925,31.7,3
101.0,109.0,79.0,74.0,85.0,67.0,83.0,91.0,73.0,48.84669896727925,31.8,3
101.0,109.0,79.0,74.0,85.0,67.0,83.0,91.0,73.0,47.92702786528704,31.9,3
102.0,109.0,79.0,74.0,85.0,67.0,83.0,91.0,73.0,48.84669896727925,32.0,3
102.0,109.0,79.0,74.0,85.0,67.0,83.0,91.0,73.0,47.92702786528704,32.1,3
102.0,109.0,79.0,74.0,85.0,67.0,83.0,91.0,73.0,47.92702786528704,32.2,3
102.0,109.0,79.0,74.0,85.0,67.0,83.0,91.0,73.0,47.92702786528704,32.3,3
102.0,109.0,79.0,74.0,85.0,67.0,83.0,91.0,73.0,47.92702786528704,32.4,3
102.0,109.0,79.0,74.0,84.0,66.0,83.0,91.0,73.0,47.92702786528704,32.5,3
102.0,109.0,79.0,74.0,84.0,66.0,83.0,91.0,73.0,47.92702786528704,32.6,3
102.0,109.0,79.0,74.0,84.0,66.0,83.0,91.0,73.0,47.92702786528704,32.7,3
102.0,109.0,79.0,74.0,84.0,66.0,84.0,91.0,73.0,47.92702786528704,32.8,3
102.0,109.0,79.0,74.0,84.0,66.0,84.0,91.0,72.0,47.92702786528704,32.9,3
102.0,108.0,79.0,74.0,84.0,66.0,84.0,91.0,72.0,47.92702786528704,33.0,3
102.0,108.0,79.0,74.0,84.0,66.0,84.0,91.0,72.0,47.92702786528704,33.1,3
102.0,108.0,78.0,74.0,84.0,66.0,84.0,91.0,72.0,47.01063709417264,33.2,3
102.0,108.0,78.0,75.0,84.0,66.0,84.0,91.0,72.0,50.15974481593781,33.3,3
102.0,108.0,78.0,75.0,84.0,66.0,84.0,91.0,72.0,50.15974481593781,33.4,3
102.0,108.0,78.0,75.0,84.0,66.0,84.0,91.0,72.0,50.15974481593781,33.5,3
102.0,108.0,78.0,75.0,84.0,66.0,84.0,91.0,72.0,50.15974481593781,33.6,3
102.0,108.0,78.0,75.0,84.0,66.0,84.0,91.0,72.0,50.15974481593781,33.7,3
102.0,108.0,78.0,75.0,84.0,65.0,84.0,91.0,72.0,50.15974481593781,33.8,3
102.0,108.0,78.0,75.0,83.0,65.0,85.0,91.0,72.0,50.15974481593781,33.9,3
102.0,108.0,78.0,75.0,83.0,65.0,85.0,91.0,72.0,50.15974481593781,34.0,3
102.0,108.0,78.0,75.0,83.0,65.0,85.0,91.0,72.0,49.24428900898052,34.1,3
102.0,108.0,78.0,75.0,83.0,65.0,85.0,91.0,72.0,49.24428900898052,34.2,3
102.0,108.0,78.0,75.0,83.0,65.0,85.0,91.0,72.0,49.24428900898052,34.3,3
102.0,108.0,78.0,75.0,83.0,65.0,85.0,91.0,72.0,49.24428900898052,34.4,3
102.0,108.0,78.0,75.0,83.0,65.0,85.0,91.0,72.0,49.24428900898052,34.5,3
102.0,108.0,77.0,75.0,83.0,65.0,85.0,91.0,72.0,49.24428900898052,34.6,3
102.0,108.0,77.0,75.0,83.0,65.0,85.0,91.0,72.0,49.24428900898052,34.7,3
102.0,108.0,77.0,75.0,83.0,65.0,85.0,91.0,72.0,49.24428900898052,34.8,3
102.0,108.0,77.0,75.0,83.0,65.0,85.0,91.0,72.0,49.24428900898052,34.9,3
102.0,108.0,77.0,75.0,83.0,64.0,86.0,91.0,72.0,49.24428900898052,35.0,3
102.0,108.0,77.0,75.0,83.0,64.0,86.0,91.0,72.0,49.24428900898052,35.1,3
102.0,108.0,77.0,76.0,83.0,64.0,86.0,91.0,72.0,49.24428900898052,35.2,3
102.0,108.0,77.0,76.0,83.0,64.0,86.0,91.0,72.0,49.24428900898052,35.3,3
102.0,108.0,77.0,76.0,82.0,64.0,86.0,91.0,71.0,49.24428900898052,35.4,3
102.0,108.0,77.0,76.0,82.0,64.0,86.0,91.0,71.0,48.33218389437829,35.5,3
102.0,108.0,77.0,76.0,82.0,64.0,86.0,91.0,71.0,48.33218389437829,35.6,3
102.0,108.0,77.0,76.0,82.0,64.0,86.0,91.0,71.0,48.33218389437829,35.7,3
102.0,108.0,77.0,76.0,82.0,64.0,86.0,91.0,71.0,48.33218389437829,35.8,3
102.0,108.0,76.0,76.0,82.0,64.0,86.0,91.0,71.0,47.4236228055175,35.9,3
102.0,108.0,76.0,76.0,82.0,64.0,87.0,91.0,71.0,47.4236228055175,36.0,3
102.0,108.0,76.0,76.0,82.0,64.0,87.0,91.0,71.0,47.4236228055175,36.1,3
102.0,108.0,76.0,76.0,82.0,64.0,87.0,91.0,71.0,49.658836071740545,36.2,3
102.0,108.0,76.0,76.0,82.0,64.0,87.0,91.0,71.0,49.658836071740545,36.3,3
102.0,108.0,76.0,76.0,82.0,63.0,87.0,91.0,71.0,49.658836071740545,36.4,3
102.0,108.0,76.0,76.0,82.0,63.0,87.0,91.0,71.0,49.658836071740545,36.5,3
102.0,108.0,76.0,76.0,82.0,63.0,87.0,91.0,71.0,49.658836071740545,36.6,3
102.0,107.0,76.0,77.0,82.0,63.0,87.0,91.0,71.0,49.658836071740545,36.7,3
102.0,107.0,76.0,77.0,82.0,63.0,87.0,91.0,71.0,49.658836071740545,36.8,3
102.0,107.0,76.0,77.0,82.0,63.0,87.0,91.0,71.0,49.658836071740545,36.9,3
102.0,107.0,75.0,77.0,82.0,63.0,87.0,91.0,71.0,48.75448697299562,37.0,3
102.0,107.0,75.0,77.0,82.0,63.0,87.0,90.0,71.0,48.75448697299562,37.1,3
102.0,107.0,75.0,77.0,82.0,63.0,88.0,90.0,71.0,48.75448697299562,37.2,3
102.0,107.0,75.0,77.0,82.0,63.0,88.0,90.0,71.0,48.75448697299562,37.3,3
102.0,107.0,75.0,77.0,82.0,63.0,88.0,90.0,71.0,47.853944456021594,37.4,3
102.0,107.0,75.0,77.0,81.0,63.0,88.0,90.0,71.0,47.853944456021594,37.5,3
102.0,107.0,75.0,77.0,81.0,63.0,88.0,90.0,71.0,47.853944456021594,37.6,3
102.0,107.0,75.0,77.0,81.0,63.0,88.0,90.0,71.0,47.853944456021594,37.7,3
102.0,107.0,75.0,77.0,81.0,62.0,88.0,90.0,71.0,49.193495504995376,37.8,3
102.0,107.0,75.0,77.0,81.0,62.0,88.0,90.0,71.0,49.193495504995376,37.9,3
102.0,107.0,75.0,77.0,81.0,62.0,88.0,90.0,71.0,49.193495504995376,38.0,3
102.0,107.0,75.0,78.0,81.0,62.0,88.0,90.0,71.0,49.193495504995376,38.1,3
102.0,107.0,74.0,78.0,81.0,62.0,88.0,90.0,71.0,49.193495504995376,38.2,3
102.0,106.0,74.0,78.0,81.0,62.0,88.0,90.0,71.0,49.193495504995376,38.3,3
102.0,106.0,74.0,78.0,81.0,62.0,89.0,90.0,71.0,49.193495504995376,38.4,3
102.0,106.0,74.0,78.0,81.0,62.0,89.0,90.0,71.0,49.193495504995376,38.5,3
102.0,106.0,74.0,78.0,81.0,62.0,89.0,90.0,71.0,48.30113870293329,38.6,3
98.0,91.0,64.0,76.0,80.0,61.0,81.0,84.0,76.0,54.120236510939236,38.7,3
98.0,91.0,64.0,76.0,80.0,61.0,81.0,84.0,76.0,54.120236510939236,38.8,3
98.0,91.0,64.0,76.0,80.0,61.0,81.0,84.0,76.0,53.23532661682466,38.9,3
98.0,91.0,64.0,76.0,80.0,61.0,81.0,84.0,76.0,54.120236510939236,39.0,3
98.0,91.0,64.0,76.0,80.0,61.0,81.0,84.0,76.0,54.120236510939236,39.1,3
98.0,91.0,63.0,76.0,80.0,61.0,81.0,84.0,76.0,53.665631459994955,39.2,3
98.0,91.0,63.0,76.0,80.0,61.0,81.0,84.0,76.0,54.120236510939236,39.3,3
98.0,91.0,63.0,76.0,80.0,61.0,81.0,84.0,76.0,54.56189146281496,39.4,3
98.0,91.0,63.0,76.0,80.0,61.0,81.0,84.0,76.0,53.665631459994955,39.5,3
98.0,91.0,63.0,76.0,80.0,61.0,81.0,84.0,75.0,53.23532661682466,39.6,3
98.0,91.0,63.0,76.0,80.0,61.0,81.0,84.0,75.0,54.56189146281496,39.7,3
98.0,91.0,63.0,76.0,80.0,61.0,81.0,84.0,75.0,53.23532661682466,39.8,3
98.0,90.0,63.0,76.0,80.0,61.0,81.0,84.0,75.0,54.56189146281496,39.9,3
98.0,90.0,63.0,76.0,80.0,61.0,81.0,84.0,75.0,54.56189146281496,40.0,4
99.0,90.0,63.0,76.0,80.0,61.0,81.0,84.0,75.0,53.23532661682466,40.1,4
99.0,90.0,63.0,76.0,80.0,61.0,81.0,84.0,75.0,54.120236510939236,40.2,4
99.0,90.0,63.0,76.0,80.0,61.0,81.0,84.0,75.0,53.23532661682466,40.3,4
99.0,90.0,63.0,76.0,80.0,61.0,81.0,84.0,75.0,54.56189146281496,40.4,4
99.0,90.0,63.0,76.0,80.0,61.0,81.0,84.0,75.0,54.120236510939236,40.5,4
99.0,90.0,63.0,76.0,80.0,61.0,81.0,84.0,75.0,54.56189146281496,40.6,4
99.0,90.0,63.0,76.0,80.0,61.0,81.0,84.0,75.0,54.120236510939236,40.7,4
99.0,90.0,63.0,76.0,80.0,61.0,81.0,84.0,75.0,53.23532661682466,40.8,4
99.0,90.0,63.0,76.0,80.0,61.0,81.0,84.0,75.0,54.56189146281496,40.9,4
99.0,90.0,63.0,76.0,80.0,61.0,81.0,84.0,75.0,54.120236510939236,41.0,4
99.0,90.0,62.0,76.0,80.0,61.0,81.0,84.0,75.0,55.46169849544819,41.1,4
99.0,90.0,62.0,76.0,80.0,61.0,81.0,84.0,75.0,54.120236510939236,41.2,4
99.0,90.0,62.0,76.0,80.0,61.0,81.0,84.0,75.0,53.23532661682466,41.3,4
99.0,90.0,62.0,76.0,80.0,61.0,81.0,84.0,75.0,55.46169849544819,41.4,4
99.0,89.0,62.0,76.0,80.0,61.0,81.0,84.0,75.0,54.120236510939236,41.5,4
100.0,89.0,62.0,76.0,80.0,61.0,81.0,84.0,75.0,55.46169849544819,41.6,4
100.0,89.0,62.0,76.0,80.0,61.0,81.0,84.0,75.0,55.46169849544819,41.7,4
100.0,89.0,62.0,76.0,80.0,61.0,81.0,84.0,75.0,53.23532661682466,41.8,4
100.0,89.0,62.0,76.0,80.0,61.0,81.0,84.0,75.0,55.46169849544819,41.9,4
100.0,89.0,62.0,76.0,80.0,61.0,81.0,84.0,75.0,53.23532661682466,42.0,4
100.0,89.0,62.0,76.0,80.0,61.0,81.0,84.0,74.0,55.46169849544819,42.1,4
100.0,89.0,62.0,76.0,80.0,61.0,81.0,84.0,74.0,55.46169849544819,42.2,4
100.0,89.0,62.0,76.0,80.0,61.0,81.0,84.0,74.0,55.46169849544819,42.3,4
100.0,89.0,62.0,76.0,80.0,61.0,81.0,84.0,74.0,55.46169849544819,42.4,4
100.0,89.0,62.0,76.0,80.0,61.0,81.0,84.0,74.0,54.62600113499065,42.5,4
93.0,85.0,63.0,77.0,80.0,59.0,68.0,82.0,80.0,29.410882339705484,42.6,4
100.0,88.0,62.0,76.0,80.0,61.0,81.0,84.0,74.0,55.46169849544819,42.7,4
100.0,89.0,62.0,76.0,81.0,61.0,81.0,84.0,74.0,55.46169849544819,42.8,4
100.0,89.0,62.0,76.0,81.0,61.0,81.0,85.0,74.0,54.62600113499065,42.9,4
100.0,89.0,61.0,76.0,81.0,61.0,82.0,85.0,74.0,54.12947441089743,43.0,4
101.0,89.0,61.0,76.0,81.0,61.0,82.0,85.0,74.0,55.46169849544819,43.1,4
101.0,88.0,61.0,76.0,81.0,61.0,82.0,85.0,74.0,55.54277630799526,43.2,4
101.0,88.0,61.0,76.0,81.0,61.0,82.0,85.0,74.0,55.46169849544819,43.3,4
101.0,88.0,61.0,76.0,81.0,61.0,82.0,85.0,74.0,55.54277630799526,43.4,4
101.0,88.0,61.0,76.0,81.0,61.0,82.0,85.0,74.0,54.62600113499065,43.5,4
101.0,88.0,61.0,76.0,81.0,61.0,82.0,85.0,74.0,55.46169849544819,43.6,4
101.0,88.0,61.0,76.0,81.0,61.0,82.0,85.0,74.0,55.54277630799526,43.7,4
101.0,88.0,61.0,76.0,81.0,61.0,82.0,85.0,74.0,55.54277630799526,43.8,4
101.0,88.0,61.0,76.0,81.0,61.0,82.0,85.0,74.0,54.56189146281496,43.9,4
101.0,88.0,61.0,77.0,81.0,61.0,82.0,85.0,74.0,55.54277630799526,44.0,4
102.0,88.0,61.0,77.0,81.0,61.0,82.0,85.0,74.0,55.54277630799526,44.1,4
102.0,88.0,61.0,77.0,81.0,61.0,82.0,85.0,73.0,55.54277630799526,44.2,4
102.0,88.0,61.0,77.0,81.0,61.0,82.0,85.0,73.0,56.462376853972415,44.3,4
102.0,88.0,61.0,77.0,81.0,61.0,82.0,85.0,73.0,56.462376853972415,44.4,4
102.0,88.0,61.0,77.0,81.0,61.0,82.0,85.0,73.0,55.54277630799526,44.5,4
102.0,88.0,61.0,77.0,82.0,61.0,82.0,85.0,73.0,55.154328932550705,44.6,4
102.0,88.0,61.0,77.0,82.0,61.0,82.0,85.0,73.0,56.462376853972415,44.7,4
92.0,83.0,62.0,78.0,83.0,58.0,68.0,83.0,80.0,30.610455730027933,44.8,4
92.0,83.0,62.0,78.0,83.0,58.0,68.0,83.0,80.0,30.610455730027933,44.9,4
92.0,83.0,62.0,78.0,83.0,58.0,68.0,83.0,80.0,30.610455730027933,45.0,4
92.0,83.0,62.0,78.0,83.0,58.0,68.0,83.0,80.0,30.610455730027933,45.1,4
92.0,83.0,62.0,78.0,83.0,58.0,68.0,83.0,80.0,30.610455730027933,45.2,4
92.0,82.0,62.0,78.0,83.0,58.0,68.0,83.0,80.0,30.610455730027933,45.3,4
92.0,82.0,62.0,78.0,83.0,58.0,68.0,83.0,80.0,30.610455730027933,45.4,4
92.0,82.0,62.0,78.0,83.0,58.0,68.0,83.0,80.0,30.610455730027933,45.5,4
92.0,82.0,62.0,78.0,83.0,58.0,68.0,83.0,80.0,30.610455730027933,45.6,4
92.0,82.0,62.0,78.0,83.0,58.0,68.0,83.0,80.0,31.240998703626616,45.7,4
92.0,82.0,62.0,78.0,83.0,58.0,68.0,83.0,80.0,31.240998703626616,45.8,4
92.0,82.0,61.0,78.0,84.0,58.0,68.0,83.0,80.0,31.240998703626616,45.9,4
92.0,82.0,61.0,79.0,84.0,58.0,68.0,83.0,79.0,31.240998703626616,46.0,4
92.0,82.0,61.0,79.0,84.0,58.0,68.0,83.0,79.0,31.240998703626616,46.1,4
92.0,82.0,61.0,79.0,84.0,58.0,68.0,83.0,79.0,30.479501308256342,46.2,4
92.0,82.0,61.0,79.0,84.0,58.0,68.0,83.0,79.0,30.479501308256342,46.3,4
92.0,81.0,61.0,79.0,84.0,58.0,68.0,83.0,79.0,31.240998703626616,46.4,4
92.0,81.0,61.0,79.0,84.0,58.0,68.0,83.0,79.0,30.479501308256342,46.5,4
92.0,81.0,61.0,79.0,84.0,58.0,69.0,83.0,79.0,30.479501308256342,46.6,4
92.0,81.0,61.0,79.0,84.0,58.0,69.0,84.0,79.0,31.240998703626616,46.7,4
92.0,81.0,61.0,79.0,84.0,59.0,69.0,84.0,79.0,31.89043743820395,46.8,4
92.0,81.0,61.0,79.0,84.0,59.0,69.0,84.0,79.0,30.479501308256342,46.9,4
92.0,81.0,61.0,79.0,85.0,59.0,69.0,84.0,79.0,31.240998703626616,47.0,4
92.0,81.0,61.0,79.0,85.0,59.0,69.0,84.0,79.0,31.240998703626616,47.1,4
92.0,81.0,61.0,79.0,85.0,59.0,69.0,84.0,79.0,31.89043743820395,47.2,4
92.0,81.0,61.0,79.0,85.0,59.0,69.0,84.0,79.0,31.240998703626616,47.3,4
92.0,81.0,61.0,79.0,85.0,59.0,69.0,84.0,79.0,31.144823004794873,47.4,4
92.0,81.0,61.0,79.0,85.0,59.0,69.0,84.0,78.0,31.89043743820395,47.5,4
92.0,81.0,61.0,79.0,85.0,59.0,69.0,84.0,78.0,32.55764119219941,47.6,4
92.0,80.0,61.0,79.0,85.0,59.0,69.0,84.0,78.0,31.11269837220809,47.7,4
92.0,80.0,61.0,79.0,85.0,59.0,69.0,84.0,78.0,31.11269837220809,47.8,4
92.0,80.0,61.0,79.0,85.0,59.0,69.0,84.0,78.0,32.55764119219941,47.9,4
92.0,80.0,60.0,79.0,86.0,59.0,69.0,84.0,78.0,31.11269837220809,48.0,4
92.0,80.0,60.0,80.0,86.0,59.0,69.0,84.0,78.0,31.11269837220809,48.1,4
92.0,80.0,60.0,80.0,86.0,59.0,69.0,84.0,78.0,31.11269837220809,48.2,4
92.0,80.0,60.0,80.0,86.0,59.0,69.0,84.0,78.0,22.090722034374522,48.3,4
92.0,80.0,60.0,80.0,86.0,59.0,70.0,84.0,78.0,22.090722034374522,48.4,4
92.0,80.0,60.0,80.0,86.0,59.0,70.0,85.0,78.0,22.090722034374522,48.5,4
92.0,80.0,60.0,80.0,86.0,59.0,70.0,85.0,78.0,22.090722034374522,48.6,4
92.0,80.0,60.0,80.0,86.0,59.0,70.0,85.0,78.0,22.090722034374522,48.7,4
92.0,80.0,60.0,80.0,87.0,59.0,70.0,85.0,78.0,22.090722034374522,48.8,4
92.0,80.0,60.0,80.0,87.0,59.0,70.0,85.0,77.0,22.090722034374522,48.9,4
92.0,80.0,60.0,80.0,87.0,59.0,70.0,85.0,77.0,22.090722034374522,49.0,4
92.0,79.0,60.0,80.0,87.0,59.0,70.0,85.0,77.0,22.090722034374522,49.1,4
92.0,79.0,60.0,80.0,87.0,59.0,70.0,85.0,77.0,23.021728866442675,49.2,4
92.0,79.0,60.0,80.0,87.0,59.0,70.0,85.0,77.0,22.20360331117452,49.3,4
92.0,79.0,60.0,80.0,87.0,59.0,70.0,85.0,77.0,22.090722034374522,49.4,4
92.0,79.0,60.0,80.0,87.0,59.0,70.0,85.0,77.0,22.090722034374522,49.5,4
92.0,79.0,60.0,80.0,87.0,59.0,70.0,85.0,77.0,21.213203435596427,49.6,4
93.0,79.0,60.0,80.0,88.0,59.0,70.0,85.0,77.0,22.360679774997898,49.7,4
90.0,80.0,60.0,90.0,103.0,61.0,71.0,91.0,93.0,19.6468827043885,49.8,4
90.0,79.0,60.0,90.0,103.0,61.0,71.0,91.0,93.0,20.8806130178211,49.9,4
90.0,79.0,60.0,90.0,103.0,61.0,71.0,91.0,93.0,20.223748416156685,50.0,5
90.0,79.0,60.0,90.0,103.0,61.0,71.0,91.0,92.0,20.223748416156685,50.1,5
90.0,79.0,60.0,90.0,103.0,61.0,71.0,91.0,92.0,18.973665961010276,50.2,5
90.0,79.0,60.0,90.0,104.0,61.0,71.0,91.0,92.0,21.02379604162864,50.3,5
89.0,79.0,60.0,90.0,104.0,61.0,72.0,91.0,92.0,21.02379604162864,50.4,5
89.0,79.0,60.0,91.0,104.0,61.0,72.0,91.0,92.0,19.6468827043885,50.5,5
89.0,79.0,60.0,91.0,104.0,61.0,72.0,91.0,92.0,18.973665961010276,50.6,5
89.0,79.0,60.0,91.0,104.0,62.0,72.0,91.0,91.0,19.313207915827967,50.7,5
89.0,78.0,60.0,91.0,104.0,62.0,72.0,91.0,91.0,20.615528128088304,50.8,5
89.0,78.0,60.0,91.0,105.0,62.0,72.0,92.0,91.0,18.681541692269406,50.9,5
89.0,78.0,60.0,91.0,105.0,62.0,72.0,92.0,91.0,18.973665961010276,51.0,5
89.0,78.0,60.0,91.0,105.0,62.0,72.0,92.0,91.0,18.788294228055936,51.1,5
89.0,78.0,60.0,91.0,105.0,62.0,72.0,92.0,91.0,20.12461179749811,51.2,5
89.0,78.0,59.0,91.0,105.0,62.0,72.0,92.0,90.0,17.88854381999832,51.3,5
88.0,78.0,59.0,91.0,106.0,62.0,73.0,92.0,90.0,18.788294228055936,51.4,5
88.0,78.0,59.0,92.0,106.0,62.0,73.0,92.0,90.0,18.35755975068582,51.5,5
88.0,78.0,59.0,92.0,106.0,62.0,73.0,92.0,90.0,18.384776310850235,51.6,5
88.0,78.0,59.0,92.0,106.0,62.0,73.0,92.0,90.0,17.88854381999832,51.7,5
88.0,77.0,59.0,92.0,106.0,62.0,73.0,92.0,90.0,17.4928556845359,51.8,5
88.0,77.0,59.0,92.0,106.0,63.0,73.0,92.0,89.0,18.35755975068582,51.9,5
88.0,77.0,59.0,92.0,107.0,63.0,73.0,92.0,89.0,28.844410203711913,52.0,5
88.0,77.0,59.0,92.0,107.0,63.0,73.0,92.0,89.0,28.844410203711913,52.1,5
88.0,77.0,59.0,92.0,107.0,63.0,73.0,92.0,89.0,29.68164415931166,52.2,5
88.0,77.0,59.0,92.0,107.0,63.0,73.0,93.0,89.0,29.68164415931166,52.3,5
88.0,77.0,59.0,92.0,107.0,63.0,73.0,93.0,88.0,31.304951684997057,52.4,5
88.0,77.0,59.0,92.0,107.0,63.0,74.0,93.0,88.0,30.870698080866262,52.5,5
88.0,77.0,59.0,93.0,108.0,63.0,74.0,93.0,88.0,31.78049716414141,52.6,5
88.0,77.0,58.0,93.0,108.0,63.0,74.0,93.0,88.0,31.78049716414141,52.7,5
88.0,76.0,58.0,93.0,108.0,63.0,74.0,93.0,88.0,32.31098884280702,52.8,5
88.0,76.0,58.0,93.0,108.0,63.0,74.0,93.0,88.0,31.38470965295043,52.9,5
88.0,76.0,58.0,93.0,108.0,63.0,74.0,93.0,87.0,31.38470965295043,53.0,5
87.0,76.0,58.0,93.0,108.0,63.0,74.0,93.0,87.0,31.38470965295043,53.1,5
87.0,76.0,58.0,93.0,109.0,63.0,74.0,93.0,87.0,31.38470965295043,53.2,5
87.0,76.0,58.0,93.0,109.0,64.0,74.0,93.0,87.0,55.00909015790027,53.3,5
87.0,76.0,58.0,93.0,109.0,64.0,74.0,93.0,87.0,33.95585369269929,53.4,5
87.0,76.0,58.0,93.0,109.0,64.0,75.0,93.0,86.0,33.95585369269929,53.5,5
89.0,79.0,60.0,109.0,111.0,67.0,90.0,96.0,96.0,52.630789467763066,53.6,5
89.0,79.0,60.0,110.0,112.0,67.0,91.0,96.0,96.0,52.630789467763066,53.7,5
88.0,79.0,60.0,110.0,112.0,67.0,91.0,96.0,96.0,41.048751503547585,53.8,5
88.0,79.0,60.0,110.0,112.0,67.0,91.0,96.0,96.0,41.048751503547585,53.9,5
88.0,79.0,60.0,110.0,112.0,67.0,91.0,96.0,95.0,41.048751503547585,54.0,5
88.0,79.0,60.0,110.0,112.0,67.0,92.0,96.0,95.0,41.048751503547585,54.1,5
88.0,79.0,60.0,110.0,113.0,68.0,92.0,96.0,95.0,41.048751503547585,54.2,5
88.0,79.0,60.0,111.0,113.0,68.0,92.0,96.0,95.0,41.048751503547585,54.3,5
88.0,79.0,60.0,111.0,113.0,68.0,92.0,96.0,95.0,41.012193308819754,54.4,5
88.0,79.0,60.0,111.0,113.0,68.0,92.0,96.0,95.0,41.048751503547585,54.5,5
88.0,79.0,60.0,111.0,113.0,68.0,92.0,96.0,94.0,41.048751503547585,54.6,5
88.0,78.0,60.0,111.0,114.0,68.0,92.0,96.0,94.0,41.048751503547585,54.7,5
88.0,78.0,60.0,111.0,114.0,68.0,93.0,96.0,94.0,41.048751503547585,54.8,5
87.0,78.0,60.0,111.0,114.0,68.0,93.0,96.0,94.0,41.012193308819754,54.9,5
87.0,78.0,60.0,112.0,114.0,68.0,93.0,96.0,93.0,41.012193308819754,55.0,5
87.0,78.0,60.0,112.0,114.0,68.0,93.0,96.0,93.0,41.012193308819754,55.1,5
87.0,78.0,60.0,112.0,114.0,68.0,93.0,97.0,93.0,41.012193308819754,55.2,5
87.0,78.0,59.0,112.0,115.0,68.0,93.0,97.0,93.0,60.14149981501958,55.3,5
87.0,78.0,59.0,112.0,115.0,68.0,93.0,97.0,93.0,60.14149981501958,55.4,5
86.0,75.0,58.0,108.0,110.0,69.0,84.0,93.0,87.0,41.48493702538308,55.5,5
86.0,75.0,58.0,108.0,110.0,69.0,84.0,94.0,86.0,41.48493702538308,55.6,5
86.0,75.0,58.0,108.0,110.0,69.0,84.0,94.0,86.0,41.48493702538308,55.7,5
86.0,75.0,58.0,109.0,110.0,69.0,84.0,94.0,86.0,41.48493702538308,55.8,5
86.0,75.0,58.0,109.0,110.0,69.0,84.0,94.0,86.0,41.48493702538308,55.9,5
86.0,75.0,58.0,109.0,110.0,69.0,84.0,94.0,86.0,41.48493702538308,56.0,5
86.0,75.0,58.0,109.0,110.0,69.0,84.0,94.0,86.0,41.48493702538308,56.1,5
86.0,75.0,57.0,109.0,111.0,69.0,84.0,94.0,85.0,41.7612260356422,56.2,5
86.0,75.0,57.0,109.0,111.0,69.0,85.0,94.0,85.0,41.7612260356422,56.3,5
86.0,75.0,57.0,109.0,111.0,69.0,85.0,94.0,85.0,41.48493702538308,56.4,5
86.0,75.0,57.0,109.0,111.0,69.0,85.0,94.0,85.0,41.48493702538308,56.5,5
87.0,78.0,59.0,116.0,128.0,81.0,76.0,97.0,100.0,63.15853069855251,56.6,5
87.0,78.0,58.0,116.0,128.0,81.0,76.0,97.0,100.0,63.15853069855251,56.7,5
86.0,78.0,58.0,117.0,128.0,81.0,76.0,97.0,100.0,63.15853069855251,56.8,5
86.0,78.0,58.0,117.0,128.0,81.0,76.0,97.0,99.0,63.15853069855251,56.9,5
86.0,78.0,58.0,117.0,129.0,81.0,76.0,97.0,99.0,63.15853069855251,57.0,5
86.0,78.0,58.0,117.0,129.0,82.0,76.0,97.0,99.0,64.47480127925948,57.1,5
86.0,78.0,58.0,117.0,129.0,82.0,76.0,97.0,99.0,64.47480127925948,57.2,5
86.0,78.0,58.0,117.0,129.0,82.0,76.0,97.0,99.0,64.47480127925948,57.3,5
86.0,78.0,58.0,117.0,129.0,82.0,76.0,97.0,98.0,64.47480127925948,57.4,5
86.0,78.0,58.0,117.0,129.0,82.0,76.0,97.0,98.0,64.47480127925948,57.5,5
86.0,78.0,58.0,117.0,130.0,82.0,76.0,97.0,98.0,64.47480127925948,57.6,5
86.0,78.0,58.0,118.0,130.0,82.0,77.0,97.0,98.0,64.47480127925948,57.7,5
86.0,78.0,58.0,118.0,130.0,82.0,77.0,97.0,97.0,64.47480127925948,57.8,5
86.0,78.0,58.0,118.0,130.0,82.0,77.0,97.0,97.0,64.47480127925948,57.9,5
85.0,78.0,58.0,118.0,130.0,82.0,77.0,98.0,97.0,64.47480127925948,58.0,5
85.0,78.0,58.0,118.0,131.0,82.0,77.0,98.0,97.0,64.47480127925948,58.1,5
85.0,78.0,58.0,118.0,131.0,82.0,77.0,98.0,96.0,65.39113089708727,58.2,5
85.0,78.0,58.0,118.0,131.0,82.0,77.0,98.0,96.0,65.39113089708727,58.3,5
85.0,78.0,58.0,118.0,131.0,83.0,77.0,98.0,96.0,65.39113089708727,58.4,5
85.0,78.0,58.0,119.0,131.0,83.0,77.0,98.0,96.0,65.39113089708727,58.5,5
85.0,77.0,58.0,119.0,132.0,83.0,77.0,98.0,96.0,65.39113089708727,58.6,5
85.0,77.0,58.0,119.0,132.0,83.0,77.0,98.0,95.0,65.39113089708727,58.7,5
85.0,77.0,58.0,119.0,132.0,83.0,77.0,98.0,95.0,65.39113089708727,58.8,5
85.0,77.0,58.0,119.0,132.0,83.0,77.0,98.0,95.0,27.85677655436824,58.9,5
85.0,77.0,58.0,120.0,134.0,84.0,78.0,98.0,95.0,62.64982043070834,59.0,5
85.0,77.0,58.0,119.0,133.0,83.0,77.0,98.0,94.0,29.120439557122072,59.1,5
85.0,77.0,58.0,119.0,133.0,83.0,77.0,98.0,94.0,30.59411708155671,59.2,5
85.0,77.0,58.0,119.0,133.0,83.0,77.0,98.0,94.0,30.59411708155671,59.3,5
85.0,77.0,58.0,119.0,133.0,83.0,78.0,98.0,94.0,31.400636936215164,59.4,5
85.0,77.0,58.0,120.0,133.0,83.0,78.0,99.0,94.0,32.2490309931942,59.5,5
85.0,77.0,58.0,120.0,134.0,83.0,78.0,99.0,93.0,32.2490309931942,59.6,5
85.0,77.0,58.0,120.0,134.0,83.0,78.0,99.0,93.0,33.13608305156178,59.7,5
85.0,77.0,58.0,120.0,134.0,84.0,78.0,99.0,93.0,34.0147027033899,59.8,5
85.0,77.0,57.0,120.0,134.0,84.0,78.0,99.0,93.0,34.0147027033899,59.9,5
85.0,77.0,57.0,120.0,134.0,84.0,78.0,99.0,92.0,34.0147027033899,60.0,6
85.0,77.0,57.0,120.0,134.0,84.0,78.0,99.0,92.0,34.0147027033899,60.1,6
85.0,77.0,57.0,120.0,135.0,84.0,78.0,99.0,92.0,34.0147027033899,60.2,6
84.0,77.0,57.0,120.0,135.0,84.0,78.0,99.0,92.0,34.0147027033899,60.3,6
84.0,77.0,57.0,120.0,135.0,84.0,78.0,99.0,92.0,34.0147027033899,60.4,6
84.0,77.0,57.0,121.0,135.0,84.0,78.0,99.0,92.0,34.0147027033899,60.5,6
84.0,77.0,57.0,121.0,135.0,84.0,78.0,99.0,91.0,34.0147027033899,60.6,6
84.0,77.0,57.0,121.0,136.0,84.0,78.0,99.0,91.0,34.0147027033899,60.7,6
84.0,77.0,57.0,121.0,136.0,84.0,78.0,99.0,91.0,34.0147027033899,60.8,6
84.0,77.0,57.0,121.0,136.0,84.0,78.0,99.0,91.0,34.0147027033899,60.9,6
84.0,77.0,57.0,121.0,136.0,84.0,78.0,100.0,91.0,34.0147027033899,61.0,6
84.0,77.0,57.0,121.0,136.0,84.0,78.0,100.0,90.0,34.0,61.1,6
84.0,76.0,57.0,121.0,136.0,84.0,78.0,100.0,90.0,66.70832032063167,61.2,6
84.0,76.0,57.0,121.0,137.0,84.0,78.0,100.0,90.0,66.70832032063167,61.3,6
84.0,76.0,57.0,121.0,137.0,84.0,78.0,100.0,90.0,66.70832032063167,61.4,6
84.0,76.0,57.0,121.0,137.0,84.0,78.0,100.0,90.0,66.70832032063167,61.5,6
84.0,76.0,57.0,122.0,137.0,84.0,78.0,100.0,89.0,66.70832032063167,61.6,6
84.0,76.0,57.0,122.0,137.0,85.0,78.0,100.0,89.0,66.70832032063167,61.7,6
84.0,76.0,57.0,122.0,138.0,85.0,78.0,100.0,89.0,67.62396025078685,61.8,6
84.0,76.0,57.0,122.0,138.0,85.0,78.0,100.0,89.0,67.62396025078685,61.9,6
84.0,76.0,57.0,122.0,138.0,85.0,78.0,100.0,89.0,67.62396025078685,62.0,6
84.0,76.0,57.0,122.0,138.0,85.0,78.0,100.0,89.0,66.70832032063167,62.1,6
84.0,76.0,57.0,122.0,138.0,85.0,78.0,100.0,89.0,67.62396025078685,62.2,6
84.0,76.0,57.0,122.0,139.0,85.0,78.0,101.0,88.0,67.62396025078685,62.3,6
84.0,76.0,57.0,122.0,139.0,85.0,78.0,101.0,88.0,67.62396025078685,62.4,6
84.0,76.0,57.0,122.0,139.0,85.0,78.0,101.0,88.0,67.62396025078685,62.5,6
84.0,76.0,57.0,123.0,139.0,85.0,78.0,101.0,88.0,67.62396025078685,62.6,6
84.0,76.0,57.0,123.0,139.0,85.0,78.0,101.0,88.0,67.62396025078685,62.7,6
84.0,70.0,54.0,125.0,139.0,91.0,74.0,89.0,96.0,59.93329625508679,62.8,6
84.0,70.0,54.0,125.0,140.0,91.0,74.0,89.0,96.0,59.93329625508679,62.9,6
84.0,70.0,54.0,125.0,140.0,91.0,74.0,89.0,96.0,59.93329625508679,63.0,6
84.0,70.0,54.0,125.0,140.0,91.0,74.0,89.0,96.0,59.93329625508679,63.1,6
84.0,70.0,54.0,126.0,140.0,92.0,74.0,89.0,95.0,59.93329625508679,63.2,6
84.0,70.0,54.0,126.0,140.0,92.0,74.0,89.0,95.0,59.93329625508679,63.3,6
84.0,70.0,54.0,126.0,141.0,92.0,74.0,89.0,95.0,59.93329625508679,63.4,6
84.0,70.0,54.0,126.0,141.0,92.0,74.0,89.0,95.0,59.93329625508679,63.5,6
84.0,70.0,54.0,126.0,141.0,92.0,74.0,90.0,95.0,59.033888572581766,63.6,6
84.0,70.0,54.0,126.0,141.0,92.0,74.0,90.0,95.0,59.033888572581766,63.7,6
84.0,70.0,54.0,126.0,141.0,92.0,74.0,90.0,95.0,59.033888572581766,63.8,6
84.0,70.0,54.0,126.0,141.0,92.0,74.0,90.0,95.0,59.033888572581766,63.9,6
84.0,70.0,54.0,126.0,142.0,92.0,74.0,90.0,94.0,59.033888572581766,64.0,6
84.0,70.0,54.0,126.0,142.0,92.0,74.0,90.0,94.0,59.033888572581766,64.1,6
84.0,70.0,54.0,126.0,142.0,92.0,74.0,90.0,94.0,59.033888572581766,64.2,6
84.0,70.0,54.0,126.0,142.0,92.0,74.0,90.0,94.0,59.033888572581766,64.3,6
84.0,70.0,54.0,126.0,142.0,92.0,75.0,90.0,94.0,59.033888572581766,64.4,6
84.0,70.0,54.0,126.0,142.0,93.0,75.0,91.0,94.0,59.033888572581766,64.5,6
84.0,70.0,54.0,126.0,142.0,93.0,75.0,91.0,94.0,59.033888572581766,64.6,6
84.0,70.0,54.0,127.0,143.0,93.0,75.0,91.0,93.0,59.033888572581766,64.7,6
84.0,70.0,54.0,127.0,143.0,93.0,75.0,91.0,93.0,59.033888572581766,64.8,6
84.0,70.0,54.0,127.0,143.0,93.0,75.0,91.0,93.0,59.033888572581766,64.9,6
83.0,70.0,54.0,127.0,143.0,93.0,75.0,91.0,93.0,59.033888572581766,65.0,6
83.0,70.0,54.0,127.0,143.0,93.0,75.0,91.0,93.0,59.033888572581766,65.1,6
83.0,70.0,54.0,127.0,143.0,93.0,75.0,91.0,93.0,59.033888572581766,65.2,6
83.0,70.0,54.0,127.0,144.0,93.0,75.0,91.0,93.0,59.033888572581766,65.3,6
83.0,70.0,54.0,127.0,144.0,93.0,75.0,92.0,93.0,59.033888572581766,65.4,6
83.0,70.0,54.0,127.0,144.0,93.0,75.0,92.0,92.0,59.033888572581766,65.5,6
83.0,70.0,54.0,127.0,144.0,93.0,75.0,92.0,92.0,59.033888572581766,65.6,6
83.0,70.0,54.0,127.0,144.0,93.0,75.0,92.0,92.0,59.033888572581766,65.7,6
83.0,70.0,54.0,127.0,144.0,93.0,75.0,92.0,92.0,59.033888572581766,65.8,6
83.0,70.0,54.0,127.0,145.0,94.0,75.0,92.0,92.0,59.033888572581766,65.9,6
83.0,70.0,54.0,127.0,145.0,94.0,75.0,92.0,92.0,59.033888572581766,66.0,6
83.0,70.0,54.0,127.0,145.0,94.0,75.0,92.0,92.0,61.26989472816156,66.1,6
83.0,70.0,54.0,127.0,145.0,94.0,75.0,92.0,92.0,61.26989472816156,66.2,6
83.0,70.0,54.0,127.0,145.0,94.0,75.0,92.0,91.0,61.26989472816156,66.3,6
83.0,70.0,54.0,128.0,145.0,94.0,75.0,93.0,91.0,61.26989472816156,66.4,6
83.0,70.0,54.0,128.0,145.0,94.0,75.0,93.0,91.0,61.26989472816156,66.5,6
83.0,70.0,54.0,128.0,145.0,94.0,75.0,93.0,91.0,61.26989472816156,66.6,6
83.0,70.0,54.0,128.0,146.0,94.0,75.0,93.0,91.0,61.26989472816156,66.7,6
83.0,70.0,54.0,128.0,146.0,94.0,75.0,93.0,91.0,61.26989472816156,66.8,6
83.0,70.0,54.0,128.0,146.0,94.0,75.0,93.0,91.0,61.26989472816156,66.9,6
83.0,70.0,54.0,128.0,146.0,94.0,75.0,93.0,91.0,61.26989472816156,67.0,6
83.0,70.0,54.0,128.0,146.0,94.0,75.0,93.0,91.0,61.26989472816156,67.1,6
83.0,70.0,54.0,128.0,146.0,94.0,75.0,93.0,90.0,61.26989472816156,67.2,6
83.0,70.0,54.0,128.0,146.0,95.0,75.0,93.0,90.0,61.26989472816156,67.3,6
83.0,70.0,54.0,128.0,146.0,95.0,75.0,94.0,90.0,61.26989472816156,67.4,6
83.0,70.0,54.0,128.0,147.0,95.0,75.0,94.0,90.0,61.26989472816156,67.5,6
83.0,70.0,54.0,128.0,147.0,95.0,75.0,94.0,90.0,61.26989472816156,67.6,6
83.0,70.0,54.0,128.0,147.0,95.0,75.0,94.0,90.0,61.26989472816156,67.7,6
83.0,70.0,54.0,128.0,147.0,95.0,75.0,94.0,90.0,61.26989472816156,67.8,6
83.0,70.0,55.0,129.0,148.0,96.0,76.0,94.0,90.0,60.8276253029822,67.9,6
83.0,70.0,55.0,128.0,147.0,95.0,75.0,94.0,90.0,60.37383539249432,68.0,6
83.0,70.0,55.0,128.0,147.0,95.0,75.0,94.0,89.0,60.37383539249432,68.1,6
83.0,70.0,55.0,128.0,147.0,95.0,75.0,94.0,89.0,60.37383539249432,68.2,6
83.0,70.0,55.0,128.0,148.0,95.0,75.0,94.0,89.0,60.37383539249432,68.3,6
83.0,70.0,55.0,128.0,148.0,95.0,75.0,95.0,89.0,60.37383539249432,68.4,6
83.0,70.0,55.0,129.0,148.0,95.0,75.0,95.0,89.0,60.37383539249432,68.5,6
83.0,70.0,55.0,128.0,147.0,95.0,75.0,95.0,89.0,60.41522986797286,68.6,6
83.0,70.0,55.0,129.0,148.0,96.0,75.0,95.0,89.0,61.26989472816156,68.7,6
83.0,70.0,55.0,129.0,148.0,96.0,75.0,95.0,89.0,61.26989472816156,68.8,6
83.0,70.0,55.0,129.0,148.0,96.0,75.0,95.0,89.0,61.26989472816156,68.9,6
83.0,70.0,55.0,129.0,148.0,96.0,75.0,95.0,89.0,61.26989472816156,69.0,6
82.0,70.0,55.0,129.0,148.0,96.0,75.0,95.0,88.0,61.26989472816156,69.1,6
82.0,70.0,55.0,129.0,149.0,96.0,75.0,95.0,88.0,61.26989472816156,69.2,6
82.0,70.0,55.0,129.0,149.0,96.0,75.0,95.0,88.0,61.26989472816156,69.3,6
82.0,70.0,55.0,129.0,149.0,96.0,75.0,96.0,88.0,61.26989472816156,69.4,6
82.0,70.0,55.0,129.0,149.0,96.0,75.0,96.0,88.0,61.26989472816156,69.5,6
82.0,70.0,55.0,129.0,149.0,96.0,75.0,96.0,88.0,61.26989472816156,69.6,6
84.0,66.0,54.0,119.0,147.0,89.0,76.0,91.0,83.0,66.2872536767062,69.7,6
84.0,66.0,54.0,119.0,147.0,89.0,76.0,91.0,83.0,66.2872536767062,69.8,6
84.0,66.0,54.0,119.0,147.0,89.0,76.0,91.0,83.0,65.45991139621256,69.9,6
84.0,66.0,54.0,119.0,147.0,89.0,76.0,91.0,83.0,65.45991139621256,70.0,7
84.0,66.0,54.0,119.0,148.0,89.0,76.0,91.0,83.0,65.45991139621256,70.1,7
83.0,66.0,54.0,116.0,138.0,85.0,74.0,90.0,82.0,61.40032573203501,70.2,7
83.0,66.0,55.0,119.0,148.0,89.0,76.0,91.0,83.0,65.45991139621256,70.3,7
83.0,66.0,55.0,119.0,148.0,89.0,75.0,92.0,83.0,65.45991139621256,70.4,7
83.0,66.0,55.0,119.0,148.0,89.0,75.0,92.0,83.0,65.45991139621256,70.5,7
83.0,66.0,55.0,119.0,148.0,89.0,75.0,92.0,83.0,66.03029607687671,70.6,7
83.0,66.0,55.0,119.0,148.0,90.0,75.0,92.0,83.0,66.03029607687671,70.7,7
83.0,66.0,55.0,119.0,148.0,90.0,75.0,92.0,83.0,66.03029607687671,70.8,7
83.0,66.0,55.0,119.0,149.0,90.0,75.0,92.0,83.0,66.85057965343307,70.9,7
83.0,66.0,55.0,119.0,149.0,90.0,75.0,92.0,83.0,66.85057965343307,71.0,7
83.0,65.0,55.0,119.0,149.0,90.0,75.0,92.0,83.0,66.85057965343307,71.1,7
83.0,65.0,55.0,119.0,149.0,90.0,75.0,92.0,83.0,66.85057965343307,71.2,7
83.0,65.0,55.0,119.0,149.0,90.0,75.0,92.0,83.0,66.85057965343307,71.3,7
83.0,65.0,55.0,119.0,149.0,90.0,75.0,92.0,83.0,66.85057965343307,71.4,7
83.0,65.0,55.0,120.0,149.0,90.0,75.0,92.0,83.0,66.85057965343307,71.5,7
83.0,65.0,55.0,120.0,149.0,90.0,75.0,92.0,83.0,66.85057965343307,71.6,7
83.0,65.0,55.0,120.0,149.0,90.0,75.0,92.0,82.0,66.85057965343307,71.7,7
83.0,65.0,55.0,120.0,150.0,90.0,75.0,92.0,82.0,66.85057965343307,71.8,7
83.0,65.0,55.0,120.0,150.0,90.0,75.0,92.0,82.0,67.67569726275453,71.9,7
83.0,65.0,55.0,120.0,150.0,90.0,75.0,93.0,82.0,67.67569726275453,72.0,7
83.0,65.0,55.0,120.0,150.0,90.0,75.0,93.0,82.0,67.11929677819934,72.1,7
83.0,65.0,55.0,120.0,150.0,90.0,75.0,93.0,82.0,67.11929677819934,72.2,7
86.0,67.0,55.0,104.0,129.0,78.0,69.0,88.0,80.0,34.48187929913333,72.3,7
86.0,67.0,55.0,104.0,129.0,78.0,69.0,88.0,80.0,34.48187929913333,72.4,7
86.0,67.0,55.0,104.0,129.0,78.0,69.0,88.0,80.0,35.4400902933387,72.5,7
86.0,67.0,55.0,104.0,129.0,78.0,69.0,88.0,80.0,35.73513677041127,72.6,7
86.0,67.0,55.0,104.0,129.0,79.0,69.0,88.0,80.0,35.73513677041127,72.7,7
85.0,67.0,55.0,104.0,129.0,79.0,69.0,88.0,80.0,35.73513677041127,72.8,7
85.0,67.0,55.0,104.0,129.0,79.0,69.0,88.0,80.0,35.73513677041127,72.9,7
85.0,67.0,55.0,104.0,130.0,79.0,69.0,89.0,80.0,35.73513677041127,73.0,7
85.0,67.0,55.0,104.0,130.0,79.0,69.0,89.0,80.0,35.73513677041127,73.1,7
85.0,67.0,55.0,104.0,130.0,79.0,69.0,89.0,80.0,34.785054261852174,73.2,7
85.0,67.0,55.0,104.0,130.0,79.0,69.0,89.0,80.0,34.785054261852174,73.3,7
85.0,67.0,55.0,104.0,130.0,79.0,69.0,89.0,80.0,35.73513677041127,73.4,7
85.0,67.0,55.0,104.0,130.0,79.0,69.0,89.0,80.0,35.73513677041127,73.5,7
85.0,67.0,55.0,104.0,130.0,79.0,69.0,89.0,80.0,35.73513677041127,73.6,7
85.0,66.0,55.0,104.0,130.0,79.0,69.0,89.0,80.0,35.73513677041127,73.7,7
85.0,66.0,55.0,104.0,130.0,79.0,69.0,89.0,80.0,35.73513677041127,73.8,7
85.0,66.0,55.0,104.0,130.0,79.0,69.0,89.0,80.0,35.73513677041127,73.9,7
85.0,66.0,55.0,104.0,130.0,79.0,69.0,89.0,80.0,34.785054261852174,74.0,7
85.0,66.0,56.0,104.0,130.0,80.0,69.0,89.0,80.0,34.785054261852174,74.1,7
85.0,66.0,56.0,104.0,130.0,80.0,69.0,89.0,80.0,35.73513677041127,74.2,7
85.0,66.0,56.0,104.0,130.0,80.0,69.0,89.0,80.0,35.73513677041127,74.3,7
85.0,66.0,56.0,104.0,130.0,80.0,69.0,89.0,80.0,35.73513677041127,74.4,7
85.0,66.0,56.0,104.0,130.0,80.0,69.0,89.0,80.0,35.73513677041127,74.5,7
85.0,66.0,56.0,104.0,130.0,80.0,69.0,89.0,80.0,35.73513677041127,74.6,7
85.0,66.0,56.0,104.0,131.0,80.0,69.0,89.0,80.0,35.73513677041127,74.7,7
85.0,66.0,56.0,104.0,131.0,80.0,69.0,89.0,80.0,34.785054261852174,74.8,7
85.0,66.0,56.0,104.0,131.0,80.0,69.0,90.0,80.0,34.785054261852174,74.9,7
85.0,66.0,56.0,104.0,131.0,80.0,69.0,90.0,80.0,35.73513677041127,75.0,7
85.0,66.0,56.0,104.0,131.0,80.0,69.0,90.0,80.0,35.73513677041127,75.1,7
85.0,66.0,56.0,104.0,131.0,80.0,69.0,90.0,80.0,35.73513677041127,75.2,7
85.0,66.0,56.0,104.0,131.0,81.0,69.0,90.0,80.0,35.73513677041127,75.3,7
85.0,66.0,56.0,104.0,131.0,81.0,69.0,90.0,80.0,35.73513677041127,75.4,7
85.0,66.0,56.0,104.0,131.0,81.0,69.0,90.0,80.0,34.785054261852174,75.5,7
85.0,66.0,56.0,104.0,131.0,81.0,69.0,90.0,80.0,34.785054261852174,75.6,7
85.0,66.0,56.0,104.0,131.0,81.0,69.0,90.0,80.0,35.73513677041127,75.7,7
85.0,66.0,56.0,104.0,131.0,81.0,69.0,90.0,80.0,35.73513677041127,75.8,7
85.0,66.0,56.0,104.0,131.0,81.0,69.0,90.0,80.0,35.73513677041127,75.9,7
85.0,66.0,56.0,104.0,131.0,81.0,69.0,90.0,80.0,35.73513677041127,76.0,7
85.0,66.0,56.0,104.0,131.0,81.0,69.0,90.0,80.0,35.73513677041127,76.1,7
85.0,66.0,56.0,104.0,131.0,81.0,69.0,90.0,80.0,34.785054261852174,76.2,7
85.0,66.0,56.0,104.0,131.0,81.0,69.0,90.0,80.0,34.785054261852174,76.3,7
85.0,66.0,57.0,104.0,131.0,81.0,69.0,90.0,80.0,35.73513677041127,76.4,7
85.0,66.0,57.0,104.0,131.0,81.0,69.0,90.0,80.0,35.73513677041127,76.5,7
84.0,66.0,57.0,104.0,131.0,82.0,69.0,90.0,80.0,35.73513677041127,76.6,7
84.0,66.0,57.0,104.0,131.0,82.0,69.0,90.0,80.0,35.73513677041127,76.7,7
84.0,66.0,57.0,104.0,131.0,82.0,69.0,90.0,80.0,35.73513677041127,76.8,7
84.0,66.0,57.0,104.0,131.0,82.0,69.0,90.0,80.0,34.785054261852174,76.9,7
84.0,66.0,57.0,104.0,131.0,82.0,69.0,90.0,80.0,35.73513677041127,77.0,7
84.0,66.0,57.0,104.0,131.0,82.0,69.0,90.0,80.0,35.73513677041127,77.1,7
84.0,66.0,57.0,104.0,131.0,82.0,69.0,90.0,80.0,35.73513677041127,77.2,7
84.0,66.0,57.0,104.0,131.0,82.0,69.0,91.0,80.0,35.73513677041127,77.3,7
84.0,66.0,57.0,104.0,131.0,82.0,69.0,91.0,80.0,35.73513677041127,77.4,7
84.0,66.0,57.0,104.0,131.0,82.0,69.0,91.0,80.0,34.785054261852174,77.5,7
84.0,66.0,57.0,104.0,131.0,82.0,69.0,91.0,80.0,34.785054261852174,77.6,7
84.0,66.0,57.0,104.0,131.0,82.0,69.0,91.0,80.0,35.73513677041127,77.7,7
84.0,66.0,57.0,104.0,131.0,82.0,69.0,91.0,81.0,35.73513677041127,77.8,7
84.0,66.0,57.0,104.0,131.0,83.0,69.0,91.0,81.0,35.73513677041127,77.9,7
84.0,66.0,57.0,104.0,131.0,83.0,69.0,91.0,81.0,35.73513677041127,78.0,7
84.0,66.0,57.0,104.0,131.0,83.0,69.0,91.0,81.0,34.785054261852174,78.1,7
84.0,65.0,57.0,104.0,131.0,83.0,69.0,91.0,81.0,35.73513677041127,78.2,7
84.0,65.0,57.0,104.0,131.0,83.0,69.0,91.0,81.0,35.73513677041127,78.3,7
84.0,65.0,58.0,104.0,131.0,83.0,69.0,91.0,81.0,35.73513677041127,78.4,7
84.0,65.0,58.0,104.0,131.0,83.0,69.0,91.0,81.0,35.73513677041127,78.5,7
84.0,65.0,58.0,104.0,131.0,83.0,69.0,91.0,81.0,34.785054261852174,78.6,7
84.0,65.0,58.0,104.0,131.0,83.0,69.0,91.0,81.0,34.785054261852174,78.7,7
84.0,65.0,58.0,104.0,131.0,83.0,69.0,91.0,81.0,66.30987860040162,78.8,7
84.0,65.0,58.0,104.0,131.0,83.0,69.0,91.0,81.0,66.30987860040162,78.9,7
84.0,65.0,58.0,104.0,131.0,83.0,69.0,91.0,81.0,66.30987860040162,79.0,7
83.0,65.0,58.0,104.0,131.0,83.0,69.0,91.0,81.0,66.30987860040162,79.1,7
83.0,65.0,58.0,104.0,131.0,84.0,69.0,91.0,81.0,66.30987860040162,79.2,7
83.0,65.0,58.0,104.0,131.0,84.0,69.0,91.0,81.0,66.30987860040162,79.3,7
83.0,65.0,58.0,104.0,131.0,84.0,69.0,91.0,81.0,66.30987860040162,79.4,7
83.0,65.0,58.0,104.0,131.0,84.0,69.0,91.0,81.0,66.30987860040162,79.5,7
83.0,65.0,58.0,104.0,131.0,84.0,69.0,91.0,81.0,66.30987860040162,79.6,7
83.0,65.0,58.0,104.0,131.0,84.0,69.0,92.0,81.0,66.30987860040162,79.7,7
83.0,65.0,58.0,104.0,131.0,84.0,69.0,92.0,81.0,66.30987860040162,79.8,7
83.0,65.0,58.0,104.0,131.0,84.0,69.0,92.0,81.0,66.30987860040162,79.9,7
83.0,65.0,59.0,104.0,131.0,84.0,69.0,92.0,81.0,66.30987860040162,80.0,8
83.0,65.0,59.0,104.0,131.0,84.0,69.0,92.0,81.0,66.30987860040162,80.1,8
83.0,65.0,59.0,104.0,131.0,84.0,69.0,92.0,81.0,66.30987860040162,80.2,8
83.0,65.0,59.0,104.0,131.0,84.0,69.0,92.0,81.0,66.30987860040162,80.3,8
83.0,65.0,59.0,104.0,131.0,84.0,69.0,92.0,81.0,66.30987860040162,80.4,8
83.0,65.0,59.0,104.0,131.0,85.0,69.0,92.0,81.0,66.30987860040162,80.5,8
83.0,65.0,59.0,104.0,131.0,85.0,69.0,92.0,81.0,66.30987860040162,80.6,8
83.0,65.0,59.0,104.0,131.0,85.0,69.0,92.0,81.0,66.30987860040162,80.7,8
83.0,65.0,59.0,104.0,131.0,85.0,69.0,92.0,81.0,66.30987860040162,80.8,8
83.0,65.0,59.0,104.0,131.0,85.0,69.0,92.0,81.0,66.30987860040162,80.9,8
83.0,65.0,59.0,104.0,131.0,85.0,69.0,92.0,81.0,66.30987860040162,81.0,8
83.0,65.0,59.0,104.0,131.0,85.0,69.0,92.0,81.0,66.30987860040162,81.1,8
83.0,65.0,59.0,104.0,131.0,85.0,69.0,92.0,81.0,66.30987860040162,81.2,8
82.0,65.0,59.0,104.0,131.0,85.0,69.0,92.0,81.0,65.92419889539804,81.3,8
82.0,65.0,60.0,104.0,131.0,85.0,69.0,92.0,81.0,66.30987860040162,81.4,8
82.0,65.0,60.0,104.0,130.0,85.0,69.0,92.0,81.0,66.30987860040162,81.5,8
82.0,65.0,60.0,103.0,130.0,85.0,69.0,92.0,81.0,66.30987860040162,81.6,8
82.0,65.0,60.0,103.0,130.0,85.0,69.0,92.0,81.0,66.30987860040162,81.7,8
82.0,65.0,60.0,103.0,130.0,85.0,69.0,92.0,81.0,66.30987860040162,81.8,8
82.0,65.0,60.0,103.0,130.0,86.0,69.0,92.0,81.0,66.30987860040162,81.9,8
82.0,65.0,60.0,103.0,130.0,86.0,69.0,92.0,81.0,66.30987860040162,82.0,8
82.0,65.0,60.0,103.0,130.0,86.0,69.0,92.0,82.0,66.30987860040162,82.1,8
82.0,65.0,60.0,103.0,130.0,86.0,69.0,92.0,82.0,66.30987860040162,82.2,8
82.0,65.0,60.0,103.0,130.0,86.0,69.0,92.0,82.0,66.30987860040162,82.3,8
82.0,65.0,60.0,103.0,130.0,86.0,69.0,93.0,82.0,66.30987860040162,82.4,8
82.0,65.0,60.0,103.0,130.0,86.0,69.0,93.0,82.0,66.30987860040162,82.5,8
82.0,65.0,60.0,103.0,130.0,86.0,69.0,93.0,82.0,66.30987860040162,82.6,8
82.0,65.0,61.0,103.0,130.0,86.0,69.0,93.0,82.0,66.30987860040162,82.7,8
82.0,65.0,61.0,103.0,130.0,86.0,69.0,93.0,82.0,66.30987860040162,82.8,8
82.0,64.0,61.0,103.0,130.0,86.0,69.0,93.0,82.0,66.30987860040162,82.9,8
82.0,64.0,61.0,103.0,130.0,86.0,69.0,93.0,82.0,66.30987860040162,83.0,8
82.0,64.0,61.0,103.0,130.0,86.0,69.0,93.0,82.0,66.30987860040162,83.1,8
81.0,64.0,61.0,103.0,130.0,87.0,69.0,93.0,82.0,66.30987860040162,83.2,8
81.0,64.0,61.0,103.0,129.0,87.0,69.0,93.0,82.0,66.30987860040162,83.3,8
81.0,64.0,61.0,103.0,129.0,87.0,69.0,93.0,82.0,66.30987860040162,83.4,8
81.0,64.0,61.0,103.0,129.0,87.0,69.0,93.0,82.0,66.30987860040162,83.5,8
81.0,64.0,61.0,103.0,129.0,87.0,69.0,93.0,82.0,66.30987860040162,83.6,8
81.0,64.0,62.0,103.0,129.0,87.0,69.0,93.0,82.0,66.30987860040162,83.7,8
81.0,64.0,62.0,103.0,129.0,87.0,69.0,93.0,82.0,66.70832032063167,83.8,8
81.0,64.0,62.0,103.0,129.0,87.0,69.0,93.0,82.0,66.30987860040162,83.9,8
81.0,64.0,62.0,102.0,129.0,87.0,69.0,93.0,82.0,66.30987860040162,84.0,8
81.0,64.0,62.0,102.0,129.0,87.0,69.0,93.0,82.0,66.30987860040162,84.1,8
81.0,64.0,62.0,102.0,129.0,87.0,69.0,93.0,82.0,65.92419889539804,84.2,8
81.0,64.0,62.0,102.0,129.0,87.0,69.0,93.0,82.0,65.92419889539804,84.3,8
81.0,64.0,62.0,102.0,129.0,87.0,69.0,93.0,82.0,65.92419889539804,84.4,8
85.0,67.0,55.0,103.0,129.0,71.0,70.0,100.0,84.0,69.46221994724903,84.5,8
85.0,67.0,55.0,103.0,129.0,71.0,70.0,100.0,84.0,68.46897107449476,84.6,8
85.0,67.0,55.0,103.0,128.0,71.0,70.0,100.0,85.0,69.46221994724903,84.7,8
85.0,67.0,55.0,103.0,128.0,71.0,70.0,101.0,85.0,69.46221994724903,84.8,8
85.0,67.0,55.0,103.0,128.0,71.0,70.0,101.0,85.0,69.46221994724903,84.9,8
85.0,67.0,55.0,103.0,128.0,71.0,70.0,101.0,85.0,69.46221994724903,85.0,8
85.0,67.0,55.0,103.0,128.0,71.0,70.0,101.0,85.0,69.46221994724903,85.1,8
85.0,67.0,55.0,103.0,128.0,71.0,70.0,101.0,85.0,68.59300255857006,85.2,8
85.0,67.0,55.0,103.0,128.0,71.0,70.0,101.0,85.0,69.46221994724903,85.3,8
86.0,67.0,55.0,103.0,128.0,71.0,71.0,101.0,85.0,69.58448102845921,85.4,8
86.0,67.0,55.0,103.0,128.0,71.0,71.0,101.0,85.0,69.58448102845921,85.5,8
86.0,67.0,55.0,103.0,128.0,71.0,71.0,101.0,86.0,68.59300255857006,85.6,8
86.0,67.0,55.0,103.0,128.0,71.0,71.0,101.0,86.0,68.59300255857006,85.7,8
86.0,67.0,55.0,103.0,128.0,72.0,71.0,101.0,86.0,69.72087205421343,85.8,8
86.0,67.0,55.0,103.0,127.0,72.0,71.0,101.0,86.0,69.58448102845921,85.9,8
86.0,67.0,55.0,103.0,127.0,72.0,71.0,101.0,86.0,69.72087205421343,86.0,8
86.0,67.0,55.0,103.0,127.0,72.0,71.0,101.0,86.0,68.73136110975832,86.1,8
86.0,67.0,55.0,103.0,127.0,72.0,71.0,101.0,86.0,68.73136110975832,86.2,8
86.0,67.0,56.0,103.0,127.0,72.0,71.0,101.0,86.0,69.72087205421343,86.3,8
86.0,67.0,56.0,103.0,127.0,72.0,71.0,101.0,86.0,69.72087205421343,86.4,8
86.0,67.0,56.0,103.0,127.0,72.0,71.0,101.0,87.0,68.73136110975832,86.5,8
86.0,67.0,56.0,103.0,127.0,72.0,71.0,101.0,87.0,68.73136110975832,86.6,8
86.0,67.0,56.0,103.0,127.0,72.0,71.0,101.0,87.0,69.72087205421343,86.7,8
86.0,67.0,56.0,103.0,126.0,72.0,71.0,101.0,87.0,68.73136110975832,86.8,8
86.0,67.0,56.0,103.0,126.0,72.0,71.0,101.0,87.0,68.73136110975832,86.9,8
86.0,67.0,56.0,103.0,126.0,72.0,71.0,101.0,87.0,69.72087205421343,87.0,8
87.0,67.0,56.0,103.0,126.0,72.0,71.0,101.0,87.0,69.72087205421343,87.1,8
87.0,67.0,56.0,103.0,126.0,72.0,71.0,101.0,88.0,68.73136110975832,87.2,8
87.0,67.0,56.0,103.0,126.0,72.0,71.0,101.0,88.0,68.73136110975832,87.3,8
87.0,67.0,56.0,103.0,126.0,72.0,71.0,101.0,88.0,69.72087205421343,87.4,8
87.0,67.0,56.0,103.0,126.0,72.0,71.0,101.0,88.0,68.73136110975832,87.5,8
87.0,67.0,56.0,103.0,126.0,72.0,71.0,101.0,88.0,68.8839603971781,87.6,8
87.0,67.0,56.0,103.0,125.0,72.0,71.0,102.0,88.0,69.87131027825369,87.7,8
87.0,67.0,57.0,104.0,125.0,72.0,71.0,102.0,89.0,68.8839603971781,87.8,8
87.0,67.0,57.0,104.0,125.0,72.0,71.0,102.0,89.0,69.87131027825369,87.9,8
87.0,67.0,57.0,104.0,125.0,73.0,71.0,102.0,89.0,69.87131027825369,88.0,8
87.0,67.0,57.0,104.0,125.0,73.0,71.0,102.0,89.0,71.02112361825881,88.1,8
81.0,77.0,61.0,109.0,128.0,68.0,79.0,113.0,83.0,67.26812023536856,88.2,8
81.0,77.0,61.0,109.0,128.0,68.0,79.0,113.0,83.0,67.26812023536856,88.3,8
81.0,77.0,61.0,109.0,128.0,68.0,79.0,113.0,83.0,67.08203932499369,88.4,8
81.0,77.0,62.0,110.0,128.0,68.0,79.0,113.0,83.0,68.06614430096654,88.5,8
81.0,77.0,62.0,110.0,128.0,69.0,79.0,113.0,83.0,68.06614430096654,88.6,8
81.0,77.0,62.0,110.0,127.0,69.0,80.0,113.0,83.0,68.06614430096654,88.7,8
81.0,77.0,62.0,110.0,127.0,69.0,80.0,113.0,83.0,68.06614430096654,88.8,8
82.0,77.0,62.0,110.0,127.0,69.0,80.0,114.0,83.0,67.89698078707183,88.9,8
82.0,77.0,62.0,110.0,127.0,69.0,81.0,114.0,84.0,67.89698078707183,89.0,8
86.0,82.0,62.0,112.0,104.0,67.0,78.0,113.0,77.0,66.91038783328041,89.1,8
86.0,82.0,62.0,112.0,104.0,67.0,79.0,113.0,77.0,67.7421582177598,89.2,8
86.0,82.0,63.0,112.0,103.0,67.0,79.0,113.0,77.0,67.7421582177598,89.3,8
86.0,82.0,63.0,112.0,103.0,67.0,79.0,113.0,77.0,67.7421582177598,89.4,8
86.0,82.0,63.0,112.0,103.0,67.0,80.0,114.0,77.0,67.7421582177598,89.5,8
86.0,83.0,63.0,112.0,103.0,67.0,80.0,114.0,77.0,67.7421582177598,89.6,8
86.0,83.0,63.0,113.0,102.0,68.0,80.0,114.0,77.0,67.7421582177598,89.7,8
86.0,83.0,64.0,113.0,102.0,68.0,81.0,114.0,78.0,67.60177512462228,89.8,8
86.0,83.0,64.0,113.0,102.0,68.0,81.0,114.0,78.0,67.60177512462228,89.9,8
87.0,84.0,64.0,113.0,102.0,68.0,82.0,115.0,78.0,63.56099432828282,90.0,9
87.0,84.0,65.0,114.0,101.0,69.0,82.0,115.0,78.0,63.56099432828282,90.1,9
87.0,84.0,65.0,114.0,101.0,69.0,83.0,115.0,78.0,63.56099432828282,90.2,9
87.0,84.0,65.0,114.0,101.0,69.0,83.0,115.0,78.0,64.53681120105021,90.3,9
87.0,84.0,65.0,114.0,100.0,69.0,83.0,115.0,78.0,64.53681120105021,90.4,9
87.0,84.0,65.0,114.0,100.0,69.0,84.0,115.0,78.0,63.34824385884742,90.5,9
87.0,84.0,66.0,114.0,99.0,69.0,84.0,115.0,78.0,64.76109943476871,90.6,9
87.0,85.0,66.0,114.0,98.0,69.0,84.0,115.0,79.0,63.34824385884742,90.7,9
87.0,85.0,66.0,114.0,98.0,69.0,85.0,115.0,79.0,63.34824385884742,90.8,9
87.0,85.0,66.0,114.0,97.0,69.0,85.0,115.0,79.0,64.32728814430156,90.9,9
87.0,85.0,67.0,114.0,97.0,69.0,85.0,115.0,79.0,64.32728814430156,91.0,9
88.0,85.0,67.0,114.0,96.0,70.0,86.0,115.0,79.0,65.5133574166368,91.1,9
88.0,86.0,67.0,114.0,96.0,70.0,86.0,115.0,79.0,65.30696746902278,91.2,9
88.0,86.0,67.0,114.0,95.0,70.0,86.0,115.0,79.0,64.32728814430156,91.3,9
88.0,86.0,68.0,114.0,95.0,70.0,87.0,115.0,79.0,63.34824385884742,91.4,9
88.0,86.0,68.0,114.0,94.0,70.0,87.0,114.0,79.0,64.32728814430156,91.5,9
88.0,86.0,68.0,114.0,94.0,70.0,87.0,114.0,79.0,46.486557196677836,91.6,9
88.0,86.0,68.0,113.0,93.0,70.0,87.0,114.0,79.0,63.150613615387776,91.7,9
89.0,85.0,67.0,112.0,93.0,76.0,93.0,115.0,68.0,26.92582403567252,91.8,9
89.0,86.0,68.0,112.0,92.0,76.0,94.0,116.0,69.0,56.568542494923804,91.9,9
90.0,87.0,68.0,113.0,92.0,77.0,95.0,116.0,69.0,58.309518948453004,92.0,9
87.0,73.0,57.0,105.0,92.0,64.0,73.0,101.0,72.0,53.600373133029585,92.1,9
88.0,76.0,59.0,107.0,91.0,65.0,76.0,104.0,73.0,69.06518659932803,92.2,9
89.0,87.0,69.0,114.0,91.0,76.0,94.0,115.0,72.0,43.41658669218482,92.3,9
89.0,88.0,69.0,114.0,91.0,76.0,95.0,116.0,72.0,60.0,92.4,9
90.0,79.0,60.0,106.0,92.0,76.0,84.0,106.0,65.0,29.068883707497267,92.5,9
90.0,79.0,60.0,107.0,92.0,77.0,85.0,107.0,65.0,29.274562336608895,92.6,9
85.0,67.0,53.0,100.0,92.0,64.0,68.0,92.0,69.0,34.17601498127012,92.7,9
85.0,67.0,53.0,101.0,92.0,64.0,68.0,92.0,69.0,31.953090617340916,92.8,9
85.0,67.0,53.0,101.0,92.0,65.0,69.0,93.0,69.0,31.622776601683793,92.9,9
85.0,67.0,53.0,101.0,92.0,65.0,69.0,93.0,69.0,32.57299494980466,93.0,9
86.0,67.0,53.0,102.0,92.0,65.0,69.0,94.0,69.0,31.622776601683793,93.1,9
86.0,67.0,53.0,102.0,93.0,65.0,70.0,94.0,69.0,31.622776601683793,93.2,9
86.0,67.0,54.0,102.0,93.0,66.0,70.0,94.0,69.0,31.32091952673165,93.3,9
86.0,67.0,54.0,103.0,93.0,66.0,70.0,94.0,69.0,32.28002478313795,93.4,9
86.0,67.0,54.0,103.0,93.0,66.0,70.0,94.0,70.0,31.04834939252005,93.5,9
87.0,67.0,54.0,103.0,93.0,67.0,70.0,95.0,70.0,31.04834939252005,93.6,9
87.0,67.0,54.0,103.0,93.0,67.0,70.0,95.0,70.0,57.982756057296896,93.7,9
87.0,66.0,54.0,104.0,93.0,67.0,70.0,95.0,70.0,56.60388679233962,93.8,9
87.0,66.0,54.0,104.0,93.0,67.0,70.0,95.0,70.0,58.83026432033091,93.9,9
87.0,66.0,54.0,104.0,93.0,68.0,70.0,95.0,71.0,57.14017850864661,94.0,9
87.0,66.0,54.0,104.0,93.0,68.0,70.0,95.0,71.0,57.14017850864661,94.1,9
88.0,66.0,54.0,104.0,93.0,68.0,70.0,95.0,71.0,57.14017850864661,94.2,9
88.0,66.0,54.0,104.0,93.0,68.0,70.0,95.0,71.0,57.14017850864661,94.3,9
88.0,66.0,54.0,104.0,93.0,68.0,70.0,95.0,72.0,57.14017850864661,94.4,9
88.0,66.0,54.0,104.0,93.0,68.0,70.0,95.0,72.0,57.14017850864661,94.5,9
88.0,66.0,54.0,104.0,93.0,68.0,70.0,95.0,72.0,57.14017850864661,94.6,9
88.0,66.0,54.0,104.0,93.0,68.0,70.0,95.0,72.0,57.14017850864661,94.7,9
88.0,66.0,54.0,105.0,93.0,68.0,70.0,95.0,72.0,58.52349955359813,94.8,9
88.0,66.0,54.0,105.0,93.0,68.0,70.0,95.0,73.0,57.688820407423826,94.9,9
88.0,66.0,54.0,105.0,93.0,69.0,70.0,95.0,73.0,56.302753041036986,95.0,9
89.0,66.0,54.0,105.0,93.0,69.0,70.0,95.0,73.0,56.302753041036986,95.1,9
89.0,66.0,54.0,105.0,92.0,69.0,70.0,95.0,73.0,56.302753041036986,95.2,9
89.0,66.0,54.0,105.0,92.0,69.0,70.0,95.0,73.0,56.302753041036986,95.3,9
89.0,66.0,54.0,105.0,92.0,69.0,70.0,95.0,73.0,56.302753041036986,95.4,9
89.0,66.0,55.0,105.0,92.0,69.0,70.0,94.0,74.0,56.302753041036986,95.5,9
89.0,65.0,55.0,105.0,92.0,69.0,70.0,94.0,74.0,56.302753041036986,95.6,9
89.0,65.0,55.0,105.0,92.0,69.0,70.0,94.0,74.0,56.302753041036986,95.7,9
89.0,65.0,55.0,105.0,92.0,69.0,70.0,94.0,74.0,56.302753041036986,95.8,9
89.0,65.0,55.0,105.0,92.0,69.0,70.0,94.0,74.0,57.14017850864661,95.9,9
89.0,65.0,55.0,105.0,92.0,69.0,70.0,94.0,74.0,57.14017850864661,96.0,9
90.0,65.0,55.0,105.0,91.0,69.0,70.0,94.0,75.0,56.302753041036986,96.1,9
90.0,65.0,55.0,105.0,91.0,69.0,70.0,94.0,75.0,56.302753041036986,96.2,9
90.0,65.0,55.0,105.0,91.0,69.0,70.0,94.0,75.0,56.302753041036986,96.3,9
90.0,65.0,55.0,105.0,91.0,69.0,70.0,94.0,75.0,56.302753041036986,96.4,9
90.0,65.0,55.0,105.0,91.0,69.0,70.0,94.0,75.0,56.302753041036986,96.5,9
90.0,65.0,55.0,105.0,91.0,69.0,70.0,94.0,75.0,56.302753041036986,96.6,9
90.0,65.0,55.0,105.0,91.0,69.0,70.0,94.0,75.0,56.302753041036986,96.7,9
90.0,65.0,55.0,105.0,91.0,69.0,70.0,94.0,75.0,56.302753041036986,96.8,9
90.0,65.0,55.0,105.0,90.0,69.0,70.0,94.0,76.0,56.302753041036986,96.9,9
90.0,65.0,55.0,105.0,90.0,70.0,70.0,94.0,76.0,56.302753041036986,97.0,9
90.0,65.0,56.0,105.0,90.0,70.0,70.0,94.0,76.0,56.302753041036986,97.1,9
90.0,65.0,56.0,106.0,90.0,70.0,70.0,94.0,76.0,56.302753041036986,97.2,9
90.0,65.0,56.0,106.0,90.0,70.0,70.0,94.0,76.0,56.302753041036986,97.3,9
91.0,65.0,56.0,106.0,90.0,70.0,70.0,94.0,76.0,56.302753041036986,97.4,9
91.0,65.0,56.0,106.0,90.0,70.0,70.0,94.0,76.0,56.302753041036986,97.5,9
91.0,64.0,56.0,106.0,90.0,70.0,70.0,94.0,76.0,56.302753041036986,97.6,9
91.0,64.0,56.0,106.0,89.0,70.0,70.0,94.0,76.0,58.82176467941097,97.7,9
91.0,65.0,56.0,106.0,89.0,69.0,70.0,94.0,76.0,58.249463516842795,97.8,9
91.0,64.0,56.0,106.0,89.0,70.0,70.0,94.0,77.0,55.47071299343465,97.9,9
91.0,64.0,56.0,106.0,89.0,70.0,70.0,94.0,77.0,56.302753041036986,98.0,9
95.0,68.0,56.0,108.0,88.0,79.0,82.0,98.0,67.0,59.413803110051795,98.1,9
91.0,64.0,56.0,106.0,89.0,70.0,70.0,93.0,77.0,56.302753041036986,98.2,9
91.0,64.0,56.0,106.0,89.0,70.0,70.0,93.0,77.0,56.302753041036986,98.3,9
91.0,64.0,56.0,106.0,89.0,70.0,70.0,93.0,77.0,56.302753041036986,98.4,9
91.0,64.0,57.0,106.0,88.0,70.0,70.0,93.0,77.0,56.302753041036986,98.5,9
91.0,64.0,57.0,106.0,88.0,70.0,70.0,93.0,78.0,56.302753041036986,98.6,9
91.0,64.0,57.0,106.0,88.0,70.0,70.0,93.0,78.0,56.302753041036986,98.7,9
91.0,64.0,57.0,106.0,88.0,70.0,70.0,93.0,78.0,57.14017850864661,98.8,9
91.0,64.0,57.0,106.0,88.0,70.0,70.0,93.0,78.0,54.91812087098393,98.9,9
92.0,64.0,57.0,106.0,88.0,70.0,70.0,93.0,78.0,54.91812087098393,99.0,9
92.0,64.0,57.0,106.0,88.0,70.0,70.0,93.0,78.0,54.91812087098393,99.1,9
92.0,64.0,57.0,106.0,87.0,70.0,70.0,93.0,78.0,30.4138126514911,99.2,9
92.0,63.0,57.0,106.0,87.0,70.0,70.0,93.0,78.0,30.4138126514911,99.3,9
92.0,63.0,57.0,106.0,87.0,70.0,70.0,93.0,78.0,30.4138126514911,99.4,9
92.0,63.0,57.0,106.0,87.0,70.0,70.0,93.0,78.0,30.4138126514911,99.5,9
92.0,63.0,58.0,106.0,87.0,70.0,70.0,93.0,79.0,30.4138126514911,99.6,9
92.0,63.0,58.0,106.0,87.0,71.0,70.0,93.0,79.0,30.4138126514911,99.7,9
92.0,63.0,58.0,107.0,87.0,71.0,70.0,93.0,79.0,30.4138126514911,99.8,9
92.0,63.0,58.0,107.0,86.0,71.0,70.0,92.0,79.0,30.4138126514911,99.9,9
92.0,63.0,58.0,107.0,86.0,71.0,70.0,92.0,79.0,30.4138126514911,100.0,10
